date,tmax,tavg,tmin
2017-01-29,6.0,4.6,3.0
2017-01-30,5.0,3.2,2.0
2017-01-31,3.0,2.1,2.0
2017-02-01,4.0,2.2,1.0
2017-02-02,10.0,6.5,3.0
2017-02-03,10.0,6.8,4.0
2017-02-04,9.0,6.7,5.0
2017-02-05,6.0,5.1,4.0
2017-02-06,4.0,3.3,1.0
2017-02-08,-1.0,-1.6,-2.0
2017-02-09,-2.0,-2.9,-4.0
2017-02-10,-2.0,-2.8,-4.0
2017-02-15,12.0,3.8,-4.0
2017-02-16,8.0,6.0,4.0
2017-02-17,8.0,6.1,5.0
2017-02-18,8.0,5.0,3.0
2017-02-19,7.0,5.1,4.0
2017-02-20,11.0,8.5,6.0
2017-02-21,10.0,8.0,5.0
2017-02-22,10.0,8.7,7.0
2017-02-23,10.0,7.3,4.0
2017-02-26,10.0,7.6,6.0
2017-02-27,12.0,10.1,6.0
2017-02-28,7.0,5.2,3.0
2017-03-01,8.0,4.9,2.0
2017-03-02,7.0,5.0,3.0
2017-03-03,10.0,6.0,1.0
2017-03-04,14.0,9.1,5.0
2017-03-05,12.0,7.8,5.0
2017-03-06,8.0,6.3,5.0
2017-03-07,5.0,4.2,3.0
2017-03-08,8.0,5.2,2.0
2017-03-09,10.0,7.1,5.0
2017-03-10,10.0,6.6,2.0
2017-03-11,13.0,7.7,3.0
2017-03-12,12.0,7.3,3.0
2017-03-14,14.0,8.8,4.0
2017-03-15,13.0,8.9,3.0
2017-03-17,10.0,8.0,6.0
2017-03-18,10.0,7.6,4.0
2017-03-19,12.0,9.3,6.0
2017-03-20,11.0,10.2,9.0
2017-03-21,10.0,7.0,1.0
2017-03-23,12.0,7.4,4.0
2017-03-24,13.0,7.4,2.0
2017-03-26,11.0,6.6,3.0
2017-03-31,24.0,15.7,10.0
2017-04-02,18.0,11.7,7.0
2017-04-03,15.0,9.1,3.0
2017-04-06,12.0,8.2,6.0
2017-04-07,16.0,10.8,5.0
2017-04-10,13.0,9.7,6.0
2017-04-11,13.0,8.7,4.0
2017-04-12,11.0,9.1,8.0
2017-04-13,12.0,8.3,4.0
2017-04-14,11.0,6.7,2.0
2017-04-15,11.0,8.9,6.0
2017-04-19,8.0,2.9,-3.0
2017-04-20,12.0,5.6,-4.0
2017-04-21,15.0,10.4,7.0
2017-04-22,10.0,7.2,4.0
2017-04-23,10.0,5.7,2.0
2017-04-24,12.0,7.7,1.0
2017-04-25,9.0,5.8,3.0
2017-04-28,11.0,6.9,3.0
2017-04-29,13.0,7.1,1.0
2017-04-30,17.0,10.6,2.0
2017-05-01,16.0,11.1,7.0
2017-05-02,14.0,9.8,7.0
2017-05-03,16.0,11.5,8.0
2017-05-04,11.0,9.0,7.0
2017-05-05,9.0,7.5,6.0
2017-05-06,16.0,11.4,8.0
2017-05-07,19.0,12.6,8.0
2017-05-08,14.0,9.0,5.0
2017-05-10,13.0,7.0,1.0
2017-05-11,23.0,13.4,2.0
2017-05-12,19.0,14.8,12.0
2017-05-13,21.0,15.9,11.0
2017-05-14,21.0,14.9,8.0
2017-05-15,21.0,14.9,6.0
2017-05-16,25.0,19.8,15.0
2017-05-17,29.0,22.7,14.0
2017-05-18,22.0,18.1,14.0
2017-05-19,17.0,14.0,12.0
2017-05-20,17.0,13.1,9.0
2017-05-21,21.0,14.1,5.0
2017-05-22,24.0,16.8,7.0
2017-05-23,24.0,16.7,12.0
2017-05-24,20.0,14.6,8.0
2017-05-25,21.0,15.8,11.0
2017-05-26,25.0,17.5,9.0
2017-05-27,30.0,22.7,13.0
2017-05-28,27.0,21.0,16.0
2017-05-29,30.0,21.0,13.0
2017-05-30,23.0,19.5,17.0
2017-05-31,22.0,17.0,10.0
2017-06-01,23.0,14.8,4.0
2017-06-02,27.0,19.4,8.0
2017-06-03,26.0,20.0,16.0
2017-06-04,21.0,16.3,11.0
2017-06-05,22.0,15.4,6.0
2017-06-06,20.0,15.5,12.0
2017-06-07,15.0,13.1,12.0
2017-06-08,22.0,16.5,12.0
2017-06-09,19.0,15.9,11.0
2017-06-10,21.0,16.8,10.0
2017-06-11,27.0,20.8,13.0
2017-06-12,18.0,16.0,14.0
2017-06-13,20.0,16.2,11.0
2017-06-14,24.0,16.5,6.0
2017-06-15,27.0,20.2,12.0
2017-06-16,18.0,16.7,13.0
2017-06-17,21.0,16.5,10.0
2017-06-18,27.0,20.0,10.0
2017-06-19,30.0,23.6,14.0
2017-06-20,25.0,20.0,14.0
2017-06-21,26.0,18.3,9.0
2017-06-22,33.0,23.4,16.0
2017-06-23,24.0,19.3,17.0
2017-06-24,21.0,17.5,16.0
2017-06-25,19.0,16.8,15.0
2017-06-26,20.0,15.6,11.0
2017-06-27,21.0,14.8,6.0
2017-06-28,21.0,17.5,16.0
2017-06-29,21.0,16.8,14.0
2017-06-30,20.0,16.5,15.0
2017-07-01,21.0,16.3,14.0
2017-07-02,20.0,15.7,13.0
2017-07-03,22.0,16.0,10.0
2017-07-04,21.0,16.4,12.0
2017-07-05,22.0,17.5,14.0
2017-07-06,26.0,19.9,13.0
2017-07-07,27.0,21.8,17.0
2017-07-08,21.0,18.1,14.0
2017-07-09,23.0,17.1,9.0
2017-07-10,24.0,18.4,14.0
2017-07-11,20.0,17.1,15.0
2017-07-12,16.0,14.8,12.0
2017-07-13,20.0,15.1,10.0
2017-07-14,20.0,15.2,12.0
2017-07-15,21.0,16.9,13.0
2017-07-16,20.0,18.0,16.0
2017-07-18,23.0,17.5,9.0
2017-07-19,32.0,21.2,16.0
2017-07-20,25.0,20.1,18.0
2017-07-21,23.0,17.8,12.0
2017-07-22,26.0,20.0,16.0
2017-07-23,20.0,17.0,14.0
2017-07-24,17.0,15.0,14.0
2017-07-25,19.0,16.1,13.0
2017-07-26,23.0,18.7,15.0
2017-07-27,21.0,18.3,14.0
2017-07-28,21.0,16.5,12.0
2017-07-29,20.0,17.7,15.0
2017-07-30,25.0,19.0,14.0
2017-07-31,23.0,17.8,11.0
2017-08-01,23.0,18.4,14.0
2017-08-02,23.0,17.9,12.0
2017-08-03,22.0,19.6,17.0
2017-08-04,22.0,18.0,16.0
2017-08-05,20.0,16.2,13.0
2017-08-06,22.0,15.6,10.0
2017-08-07,23.0,16.9,9.0
2017-08-08,22.0,17.2,12.0
2017-08-09,21.0,16.4,13.0
2017-08-10,22.0,16.3,10.0
2017-08-11,17.0,15.1,14.0
2017-08-12,21.0,16.1,14.0
2017-08-13,21.0,15.1,11.0
2017-08-14,23.0,17.2,9.0
2017-08-15,25.0,18.9,14.0
2017-08-16,23.0,17.7,14.0
2017-08-17,21.0,16.9,12.0
2017-08-18,21.0,17.1,15.0
2017-08-19,19.0,14.4,12.0
2017-08-20,18.0,14.6,12.0
2017-08-21,20.0,14.6,9.0
2017-08-22,21.0,14.9,9.0
2017-08-23,23.0,16.7,9.0
2017-08-24,23.0,18.7,14.0
2017-08-25,23.0,16.7,12.0
2017-08-26,24.0,17.9,12.0
2017-08-27,22.0,17.1,13.0
2017-08-28,25.0,17.9,11.0
2017-08-29,28.0,20.4,11.0
2017-08-30,23.0,19.7,17.0
2017-08-31,19.0,14.8,11.0
2017-09-01,19.0,13.2,6.0
2017-09-02,19.0,12.4,7.0
2017-09-03,20.0,13.0,6.0
2017-09-04,22.0,14.4,7.0
2017-09-05,22.0,16.5,10.0
2017-09-06,18.0,15.2,12.0
2017-09-07,18.0,14.9,12.0
2017-09-08,15.0,14.3,13.0
2017-09-09,18.0,13.5,10.0
2017-09-10,18.0,13.6,9.0
2017-09-12,16.0,13.5,12.0
2017-09-13,16.0,13.6,12.0
2017-09-14,14.0,11.8,10.0
2017-09-15,16.0,11.9,9.0
2017-09-16,13.0,10.3,7.0
2017-09-17,16.0,9.4,3.0
2017-09-18,15.0,10.4,7.0
2017-09-19,17.0,11.6,9.0
2017-09-20,16.0,12.4,10.0
2017-09-21,18.0,13.6,10.0
2017-09-22,20.0,13.6,8.0
2017-09-23,20.0,13.6,10.0
2017-09-24,19.0,13.6,9.0
2017-09-25,17.0,14.5,13.0
2017-09-26,17.0,13.8,12.0
2017-09-27,18.0,14.1,11.0
2017-09-28,17.0,14.0,11.0
2017-09-29,21.0,16.8,14.0
2017-09-30,17.0,13.9,10.0
2017-10-01,18.0,12.6,6.0
2017-10-02,18.0,15.0,13.0
2017-10-03,17.0,12.8,11.0
2017-10-04,14.0,12.4,11.0
2017-10-05,15.0,11.9,10.0
2017-10-06,15.0,10.8,9.0
2017-10-07,13.0,10.8,10.0
2017-10-08,15.0,11.1,6.0
2017-10-09,13.0,9.6,5.0
2017-10-10,15.0,13.4,12.0
2017-10-11,16.0,14.5,14.0
2017-10-12,15.0,12.8,11.0
2017-10-13,18.0,13.9,9.0
2017-10-14,20.0,15.9,12.0
2017-10-15,22.0,15.2,9.0
2017-10-16,23.0,17.9,13.0
2017-10-17,18.0,14.0,10.0
2017-10-18,18.0,12.2,7.0
2017-10-19,20.0,14.1,11.0
2017-10-20,17.0,14.1,11.0
2017-10-21,16.0,12.3,10.0
2017-10-22,12.0,10.7,9.0
2017-10-23,12.0,10.7,8.0
2017-10-24,16.0,13.0,6.0
2017-10-25,16.0,13.7,9.0
2017-10-26,15.0,12.4,8.0
2017-10-27,14.0,11.0,9.0
2017-10-28,13.0,11.2,10.0
2017-10-29,13.0,10.0,8.0
2017-10-30,9.0,6.9,4.0
2017-10-31,11.0,8.2,5.0
2017-11-01,13.0,11.4,10.0
2017-11-02,13.0,9.5,6.0
2017-11-03,11.0,7.8,5.0
2017-11-04,13.0,9.0,4.0
2017-11-05,12.0,8.0,3.0
2017-11-08,8.0,6.6,5.0
2017-11-09,9.0,7.2,5.0
2017-11-10,10.0,7.7,5.0
2017-11-11,7.0,4.8,2.0
2017-11-12,6.0,3.5,2.0
2017-11-13,10.0,5.7,3.0
2017-11-14,8.0,5.4,2.0
2017-11-15,9.0,8.6,8.0
2017-11-16,10.0,8.9,8.0
2017-11-17,10.0,5.0,2.0
2017-11-18,8.0,5.2,3.0
2017-11-19,9.0,5.3,3.0
2017-11-20,10.0,5.3,4.0
2017-11-21,12.0,10.7,10.0
2017-11-22,12.0,10.5,9.0
2017-11-23,14.0,11.0,8.0
2017-11-24,8.0,6.3,4.0
2017-11-26,5.0,3.4,2.0
2017-11-27,8.0,5.4,3.0
2017-11-28,7.0,5.2,4.0
2017-11-29,3.0,1.9,1.0
2017-11-30,4.0,2.8,2.0
2017-12-04,9.0,6.1,5.0
2017-12-05,8.0,7.0,6.0
2017-12-06,8.0,7.6,7.0
2017-12-07,8.0,5.8,4.0
2017-12-08,6.0,2.3,1.0
2017-12-09,3.0,1.4,1.0
2017-12-13,5.0,2.5,1.0
2017-12-14,4.0,2.9,1.0
2017-12-15,4.0,3.0,2.0
2017-12-18,3.0,1.6,1.0
2017-12-19,6.0,4.7,2.0
2017-12-20,8.0,6.3,5.0
2017-12-21,8.0,7.2,5.0
2017-12-22,6.0,4.8,3.0
2017-12-23,9.0,7.4,4.0
2017-12-24,9.0,8.3,7.0
2017-12-25,9.0,7.7,6.0
2017-12-26,8.0,5.7,4.0
2017-12-27,6.0,5.2,4.0
2017-12-28,5.0,3.1,1.0
2017-12-29,4.0,2.2,1.0
2017-12-30,11.0,6.9,4.0
2017-12-31,13.0,10.3,9.0
2018-01-01,9.0,6.7,5.0
2018-01-02,7.0,5.6,5.0
2018-01-03,10.0,7.2,6.0
2018-01-04,9.0,7.1,6.0
2018-01-05,8.0,6.6,5.0
2018-01-06,6.0,4.3,2.0
2018-01-10,8.0,6.2,5.0
2018-01-11,8.0,3.2,1.0
2018-01-12,4.0,3.0,2.0
2018-01-13,5.0,3.5,2.0
2018-01-16,7.0,3.7,1.0
2018-01-17,4.0,1.7,0.0
2018-01-18,8.0,3.6,1.0
2018-01-20,4.0,2.0,1.0
2018-01-22,7.0,4.1,2.0
2018-01-23,9.0,7.1,5.0
2018-01-24,14.0,11.8,8.0
2018-01-25,9.0,7.7,7.0
2018-01-26,6.0,4.9,2.0
2018-01-27,7.0,5.3,4.0
2018-01-28,11.0,8.6,5.0
2018-01-29,11.0,8.9,6.0
2018-01-30,7.0,3.9,2.0
2018-02-01,4.0,2.1,1.0
2018-02-10,3.0,0.1,-3.0
2018-02-11,6.0,3.1,1.0
2018-02-14,5.0,0.5,-4.0
2018-02-15,5.0,2.3,1.0
2018-02-17,5.0,-0.5,-4.0
2018-02-18,6.0,-0.4,-5.0
2018-02-25,-1.0,-3.3,-6.0
2018-02-26,-1.0,-3.7,-7.0
2018-02-27,-2.0,-5.0,-9.0
2018-02-28,-6.0,-8.1,-10.0
2018-03-01,-2.0,-6.0,-9.0
2018-03-02,-2.0,-5.8,-9.0
2018-03-03,-1.0,-4.5,-9.0
2018-03-04,6.0,0.8,-4.0
2018-03-05,12.0,6.5,1.0
2018-03-07,11.0,5.6,2.0
2018-03-08,8.0,5.3,3.0
2018-03-09,9.0,5.6,3.0
2018-03-10,16.0,9.9,5.0
2018-03-11,15.0,10.2,5.0
2018-03-12,16.0,8.4,2.0
2018-03-13,9.0,6.1,4.0
2018-03-15,9.0,4.8,1.0
2018-03-19,4.0,-1.2,-5.0
2018-03-20,7.0,2.6,-3.0
2018-03-22,8.0,5.2,3.0
2018-03-23,7.0,5.7,5.0
2018-03-24,11.0,7.3,3.0
2018-03-25,11.0,7.0,4.0
2018-03-27,11.0,5.6,1.0
2018-03-28,9.0,5.8,3.0
2018-03-29,8.0,4.9,2.0
2018-03-30,13.0,6.6,1.0
2018-03-31,13.0,7.2,5.0
2018-04-01,7.0,3.2,1.0
2018-04-02,11.0,5.5,-2.0
2018-04-03,17.0,13.1,8.0
2018-04-04,15.0,11.0,7.0
2018-04-05,9.0,6.5,2.0
2018-04-07,23.0,13.1,5.0
2018-04-08,24.0,15.0,6.0
2018-04-09,17.0,13.0,8.0
2018-04-11,16.0,11.0,7.0
2018-04-12,17.0,11.3,8.0
2018-04-13,18.0,14.1,9.0
2018-04-14,13.0,9.9,7.0
2018-04-15,17.0,11.3,5.0
2018-04-16,18.0,12.5,7.0
2018-04-17,20.0,12.4,3.0
2018-04-18,25.0,16.0,6.0
2018-04-19,29.0,20.5,10.0
2018-04-20,27.0,19.8,11.0
2018-04-21,20.0,14.5,8.0
2018-04-22,27.0,16.6,9.0
2018-04-23,17.0,13.6,7.0
2018-04-24,14.0,11.3,7.0
2018-04-25,14.0,10.8,6.0
2018-04-26,13.0,9.5,6.0
2018-04-27,15.0,10.3,5.0
2018-04-28,17.0,12.7,7.0
2018-04-30,15.0,11.2,9.0
2018-05-01,12.0,7.3,4.0
2018-05-03,15.0,10.9,5.0
2018-05-08,27.0,19.5,11.0
2018-05-09,28.0,20.3,10.0
2018-05-10,18.0,13.9,10.0
2018-05-11,18.0,12.3,6.0
2018-05-12,23.0,18.1,12.0
2018-05-13,25.0,17.8,14.0
2018-05-14,27.0,19.7,13.0
2018-05-18,15.0,10.7,6.0
2018-05-19,17.0,10.9,3.0
2018-05-20,24.0,16.4,6.0
2018-05-21,24.0,18.7,11.0
2018-05-22,25.0,18.1,13.0
2018-05-23,25.0,18.8,14.0
2018-05-24,25.0,19.0,13.0
2018-05-26,28.0,22.0,16.0
2018-05-27,27.0,20.0,15.0
2018-05-29,31.0,23.2,18.0
2018-05-30,27.0,21.5,18.0
2018-05-31,29.0,21.4,17.0
2018-06-02,20.0,17.0,15.0
2018-06-03,22.0,18.4,15.0
2018-06-04,20.0,17.0,15.0
2018-06-05,21.0,16.8,14.0
2018-06-06,26.0,19.1,11.0
2018-06-07,29.0,21.9,14.0
2018-06-08,27.0,21.0,16.0
2018-06-09,26.0,20.9,17.0
2018-06-10,23.0,18.4,16.0
2018-06-11,21.0,16.4,11.0
2018-06-12,18.0,14.7,12.0
2018-06-13,17.0,14.2,11.0
2018-06-14,22.0,15.3,9.0
2018-06-15,22.0,17.3,11.0
2018-06-16,24.0,18.4,13.0
2018-06-17,19.0,16.3,14.0
2018-06-18,20.0,16.3,13.0
2018-06-19,21.0,17.9,14.0
2018-06-20,25.0,20.1,15.0
2018-06-21,17.0,14.0,10.0
2018-06-22,16.0,12.7,10.0
2018-06-23,18.0,13.8,10.0
2018-06-24,15.0,13.0,10.0
2018-06-25,20.0,15.6,13.0
2018-06-26,20.0,15.1,13.0
2018-06-27,25.0,16.7,8.0
2018-06-28,26.0,19.9,11.0
2018-06-29,25.0,18.9,12.0
2018-06-30,25.0,19.3,12.0
2018-07-01,24.0,18.7,12.0
2018-07-02,25.0,19.0,13.0
2018-07-03,26.0,17.9,9.0
2018-07-04,27.0,18.4,8.0
2018-07-05,23.0,17.8,12.0
2018-07-06,24.0,18.7,14.0
2018-07-07,23.0,16.2,9.0
2018-07-08,23.0,16.8,9.0
2018-07-09,21.0,15.6,10.0
2018-07-10,20.0,15.6,12.0
2018-07-11,21.0,16.1,10.0
2018-07-12,26.0,19.7,13.0
2018-07-13,24.0,17.9,12.0
2018-07-14,23.0,16.9,9.0
2018-07-15,26.0,18.5,8.0
2018-07-16,28.0,21.6,11.0
2018-07-17,30.0,21.5,12.0
2018-07-18,24.0,19.0,12.0
2018-07-19,27.0,19.1,11.0
2018-07-20,28.0,21.1,14.0
2018-07-21,29.0,22.6,16.0
2018-07-22,27.0,21.5,15.0
2018-07-23,30.0,22.7,13.0
2018-07-24,33.0,25.4,15.0
2018-07-25,32.0,25.5,19.0
2018-07-26,35.0,27.1,19.0
2018-07-27,34.0,28.4,21.0
2018-07-28,28.0,21.6,13.0
2018-07-29,28.0,20.3,10.0
2018-07-30,32.0,24.7,18.0
2018-08-01,26.0,20.4,12.0
2018-08-02,32.0,23.9,14.0
2018-08-03,33.0,24.5,15.0
2018-08-04,30.0,22.4,15.0
2018-08-05,26.0,20.0,15.0
2018-08-06,32.0,21.5,10.0
2018-08-07,36.0,25.4,13.0
2018-08-08,26.0,25.4,19.0
2018-08-09,26.0,19.3,12.0
2018-08-10,22.0,17.6,14.0
2018-08-11,21.0,15.4,12.0
2018-08-12,25.0,17.3,8.0
2018-08-13,24.0,18.4,16.0
2018-08-14,22.0,18.0,16.0
2018-08-15,23.0,19.3,16.0
2018-08-16,25.0,19.5,15.0
2018-08-17,23.0,16.9,13.0
2018-08-18,23.0,17.1,10.0
2018-08-19,24.0,19.6,15.0
2018-08-20,23.0,19.3,18.0
2018-08-23,23.0,19.5,14.0
2018-08-24,19.0,15.2,12.0
2018-08-25,16.0,11.8,10.0
2018-08-26,18.0,13.8,8.0
2018-08-27,20.0,15.8,12.0
2018-08-28,21.0,16.7,12.0
2018-08-29,26.0,17.6,12.0
2018-08-30,19.0,15.5,11.0
2018-08-31,19.0,13.3,9.0
2018-09-01,20.0,13.6,6.0
2018-09-02,22.0,15.7,9.0
2018-09-03,25.0,19.8,15.0
2018-09-04,27.0,20.7,14.0
2018-09-05,26.0,18.8,12.0
2018-09-06,20.0,16.3,12.0
2018-09-07,17.0,14.5,11.0
2018-09-08,19.0,14.6,11.0
2018-09-09,23.0,17.5,13.0
2018-09-10,20.0,17.5,16.0
2018-09-11,22.0,18.5,15.0
2018-09-12,20.0,14.8,12.0
2018-09-13,20.0,13.0,6.0
2018-09-14,19.0,12.8,4.0
2018-09-15,20.0,14.4,10.0
2018-09-16,22.0,14.1,7.0
2018-09-17,24.0,15.2,8.0
2018-09-18,29.0,19.6,10.0
2018-09-19,25.0,19.9,14.0
2018-09-20,24.0,19.8,16.0
2018-09-21,21.0,15.9,9.0
2018-09-22,15.0,11.3,10.0
2018-09-23,11.0,9.8,7.0
2018-09-24,14.0,9.3,6.0
2018-09-25,15.0,9.3,4.0
2018-09-26,18.0,12.6,6.0
2018-09-27,22.0,14.9,10.0
2018-09-28,16.0,12.1,5.0
2018-09-29,15.0,7.6,1.0
2018-10-01,13.0,8.7,6.0
2018-10-02,15.0,9.4,5.0
2018-10-03,15.0,11.1,7.0
2018-10-04,17.0,13.2,9.0
2018-10-05,21.0,12.6,7.0
2018-10-06,23.0,13.5,4.0
2018-10-07,15.0,10.0,4.0
2018-10-08,16.0,8.2,1.0
2018-10-09,19.0,10.1,5.0
2018-10-10,23.0,13.2,4.0
2018-10-11,23.0,16.3,8.0
2018-10-12,24.0,18.5,14.0
2018-10-13,27.0,20.0,14.0
2018-10-14,26.0,17.1,11.0
2018-10-15,24.0,15.8,9.0
2018-10-16,24.0,16.1,11.0
2018-10-17,21.0,14.6,9.0
2018-10-18,15.0,11.8,7.0
2018-10-19,14.0,8.2,4.0
2018-10-20,16.0,8.4,1.0
2018-10-21,15.0,11.7,9.0
2018-10-22,14.0,10.6,5.0
2018-10-23,13.0,10.7,5.0
2018-10-24,15.0,12.9,12.0
2018-10-25,13.0,11.6,10.0
2018-10-26,11.0,9.5,7.0
2018-10-27,10.0,5.6,1.0
2018-10-28,7.0,2.7,-2.0
2018-10-29,6.0,4.2,2.0
2018-10-30,8.0,5.7,4.0
2018-10-31,11.0,8.8,7.0
2018-11-01,12.0,9.1,6.0
2018-11-02,12.0,8.3,3.0
2018-11-04,9.0,3.6,-2.0
2018-11-05,10.0,9.5,9.0
2018-11-06,17.0,10.4,5.0
2018-11-07,16.0,11.1,7.0
2018-11-08,13.0,9.1,1.0
2018-11-09,13.0,8.6,3.0
2018-11-10,14.0,11.9,8.0
2018-11-11,14.0,11.7,9.0
2018-11-12,11.0,9.7,9.0
2018-11-13,12.0,9.7,8.0
2018-11-14,13.0,7.7,4.0
2018-11-17,7.0,3.1,1.0
2018-11-19,6.0,5.2,4.0
2018-11-20,4.0,2.8,1.0
2018-11-21,4.0,2.5,2.0
2018-11-22,3.0,2.1,2.0
2018-11-23,6.0,2.6,-1.0
2018-11-24,3.0,2.2,1.0
2018-11-25,5.0,3.2,2.0
2018-11-26,5.0,4.0,3.0
2018-11-28,6.0,1.9,-2.0
2018-11-29,10.0,8.6,6.0
2018-11-30,11.0,10.0,8.0
2018-12-01,9.0,7.5,5.0
2018-12-02,13.0,10.6,8.0
2018-12-03,12.0,11.4,8.0
2018-12-04,8.0,4.6,1.0
2018-12-06,12.0,9.5,6.0
2018-12-07,11.0,10.1,6.0
2018-12-08,9.0,7.6,6.0
2018-12-09,9.0,7.0,5.0
2018-12-10,6.0,4.4,3.0
2018-12-11,8.0,4.1,1.0
2018-12-12,5.0,2.4,1.0
2018-12-17,7.0,3.7,1.0
2018-12-18,7.0,5.6,4.0
2018-12-19,9.0,6.6,5.0
2018-12-20,9.0,6.8,5.0
2018-12-21,12.0,8.5,7.0
2018-12-22,9.0,7.4,7.0
2018-12-23,8.0,6.7,5.0
2018-12-24,6.0,4.1,1.0
2018-12-27,4.0,3.4,3.0
2018-12-28,4.0,3.8,3.0
2018-12-29,9.0,6.8,5.0
2018-12-31,10.0,8.6,8.0
2019-01-01,8.0,6.7,3.0
2019-01-02,6.0,4.2,1.0
2019-01-05,8.0,7.3,6.0
2019-01-06,7.0,6.6,6.0
2019-01-07,8.0,6.0,4.0
2019-01-08,8.0,6.4,4.0
2019-01-11,8.0,5.5,2.0
2019-01-12,7.0,6.3,6.0
2019-01-13,9.0,7.6,6.0
2019-01-14,7.0,4.3,3.0
2019-01-15,8.0,5.5,2.0
2019-01-16,7.0,6.2,5.0
2019-01-17,5.0,3.3,1.0
2019-01-23,-1.0,-2.9,-5.0
2019-01-24,-4.0,-5.0,-6.0
2019-01-26,7.0,5.6,3.0
2019-01-27,7.0,5.5,3.0
2019-01-28,5.0,2.7,1.0
2019-02-05,5.0,3.5,2.0
2019-02-06,6.0,4.4,3.0
2019-02-08,10.0,7.5,6.0
2019-02-09,11.0,8.5,8.0
2019-02-10,9.0,6.5,4.0
2019-02-11,8.0,5.4,4.0
2019-02-12,8.0,4.8,2.0
2019-02-13,7.0,6.0,4.0
2019-02-15,15.0,4.6,-2.0
2019-02-16,14.0,6.6,1.0
2019-02-17,15.0,5.7,-1.0
2019-02-19,9.0,6.9,4.0
2019-02-20,10.0,7.6,5.0
2019-02-22,10.0,8.1,4.0
2019-02-23,11.0,4.7,2.0
2019-02-28,12.0,7.2,3.0
2019-03-01,9.0,6.4,4.0
2019-03-02,11.0,6.9,4.0
2019-03-03,12.0,10.4,9.0
2019-03-04,13.0,9.0,6.0
2019-03-05,10.0,6.6,2.0
2019-03-06,14.0,8.8,5.0
2019-03-07,11.0,9.6,7.0
2019-03-08,10.0,7.2,6.0
2019-03-09,10.0,7.3,5.0
2019-03-10,7.0,3.9,1.0
2019-03-11,7.0,3.8,1.0
2019-03-12,9.0,5.6,2.0
2019-03-13,7.0,5.9,4.0
2019-03-14,8.0,6.7,6.0
2019-03-15,13.0,8.3,6.0
2019-03-17,11.0,7.4,5.0
2019-03-18,9.0,5.4,3.0
2019-03-20,11.0,7.5,2.0
2019-03-21,14.0,10.3,8.0
2019-03-22,19.0,11.6,8.0
2019-03-23,10.0,7.4,2.0
2019-03-25,9.0,5.6,3.0
2019-03-26,9.0,6.6,3.0
2019-03-27,12.0,8.0,4.0
2019-03-28,12.0,9.3,6.0
2019-03-29,17.0,9.5,2.0
2019-03-30,19.0,10.0,2.0
2019-03-31,11.0,6.7,2.0
2019-04-01,12.0,5.7,-2.0
2019-04-02,16.0,9.1,2.0
2019-04-03,10.0,8.0,7.0
2019-04-04,7.0,5.5,2.0
2019-04-05,8.0,6.5,5.0
2019-04-06,17.0,10.6,7.0
2019-04-07,20.0,13.4,8.0
2019-04-08,19.0,12.1,3.0
2019-04-09,13.0,7.9,4.0
2019-04-12,6.0,3.8,1.0
2019-04-15,15.0,9.7,5.0
2019-04-16,16.0,10.3,4.0
2019-04-17,20.0,13.3,7.0
2019-04-18,21.0,15.0,8.0
2019-04-19,23.0,15.7,8.0
2019-04-20,23.0,15.4,9.0
2019-04-21,23.0,13.5,3.0
2019-04-22,23.0,16.0,7.0
2019-04-23,21.0,15.9,11.0
2019-04-24,26.0,18.7,13.0
2019-04-25,22.0,14.7,9.0
2019-04-26,15.0,12.1,9.0
2019-04-27,13.0,8.7,5.0
2019-04-28,13.0,8.1,4.0
2019-04-29,13.0,7.8,1.0
2019-04-30,17.0,11.1,8.0
2019-05-01,13.0,9.7,7.0
2019-05-02,14.0,10.6,8.0
2019-05-03,11.0,7.6,3.0
2019-05-04,11.0,5.9,2.0
2019-05-05,12.0,6.7,1.0
2019-05-08,14.0,8.9,1.0
2019-05-09,17.0,12.0,8.0
2019-05-10,13.0,10.3,6.0
2019-05-11,14.0,9.0,5.0
2019-05-12,14.0,8.4,3.0
2019-05-14,16.0,9.6,1.0
2019-05-15,16.0,10.4,1.0
2019-05-16,15.0,10.5,6.0
2019-05-17,15.0,12.3,10.0
2019-05-18,23.0,15.4,5.0
2019-05-19,24.0,16.3,8.0
2019-05-20,19.0,14.5,10.0
2019-05-21,17.0,14.0,12.0
2019-05-24,23.0,15.2,7.0
2019-05-25,18.0,12.8,9.0
2019-05-26,21.0,15.8,8.0
2019-05-27,17.0,14.2,9.0
2019-05-28,15.0,11.5,8.0
2019-05-29,18.0,11.4,1.0
2019-05-30,19.0,16.3,12.0
2019-05-31,24.0,18.8,15.0
2019-06-01,26.0,18.6,10.0
2019-06-02,30.0,23.0,13.0
2019-06-03,23.0,18.0,13.0
2019-06-04,25.0,19.4,10.0
2019-06-05,26.0,21.7,17.0
2019-06-06,19.0,15.3,11.0
2019-06-07,24.0,16.0,6.0
2019-06-08,18.0,15.4,13.0
2019-06-09,21.0,16.4,11.0
2019-06-10,24.0,18.3,14.0
2019-06-11,20.0,16.8,13.0
2019-06-12,18.0,15.4,12.0
2019-06-13,21.0,15.7,10.0
2019-06-14,26.0,19.1,11.0
2019-06-15,20.0,17.1,13.0
2019-06-16,22.0,16.1,9.0
2019-06-17,26.0,19.5,11.0
2019-06-18,29.0,21.6,13.0
2019-06-19,28.0,20.2,13.0
2019-06-20,22.0,17.6,14.0
2019-06-21,20.0,16.3,12.0
2019-06-22,22.0,16.4,9.0
2019-06-23,28.0,21.5,14.0
2019-06-24,30.0,25.0,19.0
2019-06-25,35.0,27.4,19.0
2019-06-27,19.0,15.9,13.0
2019-06-28,24.0,17.6,13.0
2019-06-29,32.0,22.1,11.0
2019-06-30,30.0,22.4,15.0
2019-07-02,21.0,16.5,12.0
2019-07-05,22.0,18.3,15.0
2019-07-06,20.0,15.1,11.0
2019-07-07,17.0,14.0,11.0
2019-07-08,16.0,13.3,10.0
2019-07-10,20.0,13.9,7.0
2019-07-11,20.0,15.8,13.0
2019-07-12,22.0,16.7,14.0
2019-07-13,21.0,16.3,14.0
2019-07-14,17.0,14.7,13.0
2019-07-15,19.0,15.2,13.0
2019-07-16,17.0,15.0,13.0
2019-07-17,22.0,17.1,14.0
2019-07-18,26.0,19.0,10.0
2019-07-19,25.0,20.3,17.0
2019-07-20,26.0,19.5,17.0
2019-07-21,23.0,18.4,14.0
2019-07-22,27.0,19.4,11.0
2019-07-23,32.0,23.9,14.0
2019-07-24,36.0,28.0,19.0
2019-07-25,39.0,30.0,18.0
2019-07-26,34.0,28.4,23.0
2019-07-27,30.0,25.3,19.0
2019-07-28,30.0,23.1,18.0
2019-07-29,25.0,21.3,18.0
2019-07-30,30.0,22.1,13.0
2019-07-31,23.0,18.2,16.0
2019-08-01,24.0,17.8,13.0
2019-08-02,24.0,18.2,12.0
2019-08-03,22.0,18.0,14.0
2019-08-04,24.0,19.1,12.0
2019-08-05,26.0,20.0,16.0
2019-08-06,24.0,19.3,15.0
2019-08-07,23.0,18.3,13.0
2019-08-08,24.0,18.4,14.0
2019-08-09,23.0,17.2,9.0
2019-08-10,24.0,20.7,18.0
2019-08-11,23.0,19.3,16.0
2019-08-12,22.0,17.3,14.0
2019-08-14,22.0,15.3,9.0
2019-08-16,22.0,17.8,13.0
2019-08-17,19.0,17.5,17.0
2019-08-18,19.0,16.3,14.0
2019-08-19,20.0,16.8,13.0
2019-08-20,21.0,16.1,12.0
2019-08-21,22.0,15.1,8.0
2019-08-22,26.0,17.2,8.0
2019-08-23,26.0,17.9,9.0
2019-08-24,29.0,20.9,14.0
2019-08-25,31.0,21.8,12.0
2019-08-26,32.0,24.3,16.0
2019-08-29,24.0,20.2,17.0
2019-08-30,24.0,17.4,12.0
2019-08-31,30.0,20.0,10.0
2019-09-01,19.0,16.3,10.0
2019-09-02,20.0,14.5,10.0
2019-09-03,20.0,16.6,13.0
2019-09-04,20.0,16.0,13.0
2019-09-05,17.0,13.5,10.0
2019-09-06,18.0,13.4,8.0
2019-09-07,18.0,14.1,11.0
2019-09-08,17.0,13.4,10.0
2019-09-09,19.0,12.4,6.0
2019-09-10,19.0,12.3,5.0
2019-09-11,18.0,12.8,7.0
2019-09-12,22.0,18.5,16.0
2019-09-13,20.0,16.4,8.0
2019-09-14,19.0,11.7,4.0
2019-09-15,21.0,14.2,7.0
2019-09-16,16.0,12.8,9.0
2019-09-17,16.0,11.3,8.0
2019-09-18,16.0,10.7,6.0
2019-09-19,17.0,10.0,3.0
2019-09-20,18.0,10.1,2.0
2019-09-21,22.0,13.6,4.0
2019-09-22,26.0,17.0,7.0
2019-09-23,19.0,16.2,12.0
2019-09-24,20.0,14.9,10.0
2019-09-25,18.0,14.4,12.0
2019-09-26,17.0,15.6,13.0
2019-09-27,18.0,15.1,13.0
2019-09-28,18.0,15.1,14.0
2019-09-29,16.0,14.1,13.0
2019-09-30,16.0,13.6,11.0
2019-10-01,18.0,13.4,10.0
2019-10-02,14.0,9.9,7.0
2019-10-03,15.0,10.8,8.0
2019-10-05,14.0,8.5,5.0
2019-10-06,10.0,8.4,7.0
2019-10-07,13.0,8.7,3.0
2019-10-08,15.0,12.8,11.0
2019-10-09,13.0,11.2,9.0
2019-10-10,15.0,11.0,8.0
2019-10-11,16.0,11.0,12.0
2019-10-12,17.0,12.4,11.0
2019-10-13,21.0,15.9,11.0
2019-10-14,17.0,15.2,13.0
2019-10-15,19.0,15.6,10.0
2019-10-16,16.0,13.1,12.0
2019-10-17,15.0,13.6,13.0
2019-10-18,16.0,12.5,11.0
2019-10-19,14.0,11.1,9.0
2019-10-20,12.0,10.5,8.0
2019-10-21,17.0,12.9,11.0
2019-10-22,15.0,12.4,11.0
2019-10-23,15.0,11.7,9.0
2019-10-24,18.0,13.6,9.0
2019-10-25,16.0,13.9,12.0
2019-10-26,19.0,16.8,14.0
2019-10-27,17.0,10.0,7.0
2019-10-28,12.0,7.2,4.0
2019-10-31,9.0,2.0,-3.0
2019-11-02,15.0,12.6,10.0
2019-11-03,13.0,11.2,9.0
2019-11-04,12.0,10.0,8.0
2019-11-05,10.0,8.8,7.0
2019-11-06,9.0,6.9,1.0
2019-11-08,10.0,4.4,1.0
2019-11-10,8.0,3.3,-2.0
2019-11-11,7.0,3.2,-3.0
2019-11-12,6.0,5.0,3.0
2019-11-13,9.0,5.2,3.0
2019-11-14,7.0,4.4,2.0
2019-11-15,5.0,3.9,2.0
2019-11-16,6.0,3.7,2.0
2019-11-18,7.0,6.4,5.0
2019-11-22,9.0,4.6,1.0
2019-11-23,8.0,6.1,4.0
2019-11-24,7.0,5.7,4.0
2019-11-25,7.0,5.2,4.0
2019-11-26,11.0,7.8,5.0
2019-11-27,12.0,10.1,9.0
2019-11-28,10.0,9.2,7.0
2019-11-29,8.0,4.8,1.0
2019-12-01,1.0,-0.8,-3.0
2019-12-03,8.0,6.2,4.0
2019-12-04,7.0,2.5,-2.0
2019-12-06,8.0,5.4,4.0
2019-12-07,9.0,8.6,8.0
2019-12-08,10.0,8.7,5.0
2019-12-09,8.0,6.2,4.0
2019-12-11,7.0,5.7,5.0
2019-12-12,5.0,4.4,3.0
2019-12-13,5.0,3.1,2.0
2019-12-14,7.0,4.7,2.0
2019-12-15,9.0,6.7,3.0
2019-12-16,9.0,6.8,5.0
2019-12-17,15.0,10.4,5.0
2019-12-18,8.0,5.8,3.0
2019-12-19,14.0,9.1,4.0
2019-12-20,13.0,10.7,9.0
2019-12-21,10.0,8.1,6.0
2019-12-22,9.0,7.3,6.0
2019-12-23,9.0,7.3,6.0
2019-12-24,8.0,6.9,6.0
2019-12-25,8.0,6.3,4.0
2019-12-26,7.0,4.7,2.0
2019-12-29,4.0,0.2,-4.0
2019-12-30,7.0,5.2,4.0
2019-12-31,8.0,4.1,1.0
2020-01-03,9.0,7.0,4.0
2020-01-04,8.0,5.1,2.0
2020-01-05,7.0,4.6,1.0
2020-01-06,6.0,5.1,3.0
2020-01-07,8.0,6.5,5.0
2020-01-08,11.0,9.4,8.0
2020-01-09,12.0,11.0,9.0
2020-01-10,12.0,7.1,2.0
2020-01-12,9.0,6.4,5.0
2020-01-14,12.0,9.9,9.0
2020-01-15,13.0,10.5,5.0
2020-01-16,9.0,6.7,4.0
2020-01-17,10.0,8.3,6.0
2020-01-18,6.0,4.1,2.0
2020-01-19,8.0,2.9,1.0
2020-01-20,6.0,2.6,-1.0
2020-01-21,6.0,3.1,1.0
2020-01-22,7.0,4.2,2.0
2020-01-23,5.0,2.7,1.0
2020-01-25,2.0,1.5,1.0
2020-01-26,7.0,3.4,0.0
2020-01-27,9.0,7.4,7.0
2020-01-28,7.0,5.0,3.0
2020-01-29,6.0,4.3,3.0
2020-01-30,10.0,7.6,5.0
2020-01-31,12.0,10.8,9.0
2020-02-01,12.0,10.7,9.0
2020-02-02,9.0,7.6,6.0
2020-02-03,10.0,8.6,6.0
2020-02-04,6.0,4.6,3.0
2020-02-05,7.0,3.1,-1.0
2020-02-06,7.0,4.7,2.0
2020-02-07,8.0,5.3,3.0
2020-02-08,10.0,5.9,2.0
2020-02-09,12.0,10.0,8.0
2020-02-10,11.0,7.0,2.0
2020-02-11,6.0,4.2,2.0
2020-02-12,6.0,4.3,3.0
2020-02-13,5.0,3.5,2.0
2020-02-14,7.0,5.9,5.0
2020-02-15,12.0,9.6,6.0
2020-02-16,17.0,12.8,9.0
2020-02-17,10.0,7.8,6.0
2020-02-18,8.0,6.7,5.0
2020-02-19,7.0,5.0,3.0
2020-02-20,10.0,7.4,5.0
2020-02-21,8.0,6.6,4.0
2020-02-22,11.0,8.3,6.0
2020-02-23,12.0,7.3,5.0
2020-02-24,10.0,6.0,3.0
2020-02-25,10.0,6.3,2.0
2020-02-26,6.0,3.4,2.0
2020-02-27,4.0,2.4,1.0
2020-02-28,6.0,3.4,1.0
2020-02-29,14.0,8.6,4.0
2020-03-01,9.0,6.3,4.0
2020-03-02,8.0,5.5,3.0
2020-03-03,9.0,4.4,1.0
2020-03-04,9.0,4.1,0.0
2020-03-05,8.0,4.8,1.0
2020-03-06,5.0,4.3,3.0
2020-03-07,9.0,6.4,2.0
2020-03-08,10.0,8.6,8.0
2020-03-09,10.0,7.5,5.0
2020-03-10,12.0,9.2,6.0
2020-03-12,12.0,8.4,5.0
2020-03-13,9.0,5.8,1.0
2020-03-14,11.0,4.8,-2.0
2020-03-15,13.0,10.0,8.0
2020-03-16,13.0,9.6,6.0
2020-03-17,13.0,8.2,3.0
2020-03-18,15.0,11.0,8.0
2020-03-19,11.0,8.1,6.0
2020-03-20,9.0,6.4,3.0
2020-03-21,8.0,3.6,-1.0
2020-03-22,7.0,3.1,-1.0
2020-03-23,9.0,3.7,-1.0
2020-03-24,10.0,4.6,-1.0
2020-03-25,11.0,4.3,-3.0
2020-03-26,11.0,5.1,-1.0
2020-03-27,15.0,8.0,0.0
2020-03-28,12.0,6.5,2.0
2020-03-29,6.0,3.3,0.0
2020-03-30,8.0,2.9,-3.0
2020-03-31,8.0,2.9,-2.0
2020-04-01,9.0,3.5,-3.0
2020-04-02,10.0,7.3,4.0
2020-04-03,10.0,6.8,4.0
2020-04-04,14.0,7.3,-1.0
2020-04-05,19.0,11.8,3.0
2020-04-06,24.0,15.1,6.0
2020-04-07,19.0,13.3,8.0
2020-04-08,24.0,15.1,8.0
2020-04-09,20.0,11.6,5.0
2020-04-10,15.0,7.5,0.0
2020-04-11,20.0,10.0,1.0
2020-04-12,22.0,13.4,2.0
2020-04-13,12.0,7.3,5.0
2020-04-14,10.0,6.0,2.0
2020-04-15,17.0,8.2,1.0
2020-04-16,18.0,9.8,1.0
2020-04-17,16.0,8.5,2.0
2020-04-18,20.0,11.3,1.0
2020-04-19,16.0,10.8,5.0
2020-04-20,17.0,11.0,4.0
2020-04-21,18.0,12.7,6.0
2020-04-22,20.0,14.1,7.0
2020-04-23,22.0,14.6,7.0
2020-04-24,19.0,12.1,8.0
2020-04-26,17.0,8.3,-1.0
2020-04-27,21.0,12.3,1.0
2020-04-28,15.0,10.9,9.0
2020-04-29,15.0,10.9,8.0
2020-05-04,14.0,9.9,6.0
2020-05-05,14.0,8.0,0.0
2020-05-06,17.0,8.7,0.0
2020-05-08,22.0,13.2,2.0
2020-05-09,24.0,16.3,5.0
2020-05-10,23.0,13.4,7.0
2020-05-11,12.0,8.2,4.0
2020-05-12,11.0,6.7,1.0
2020-05-14,12.0,7.1,2.0
2020-05-15,14.0,7.1,-2.0
2020-05-16,17.0,11.0,3.0
2020-05-17,18.0,12.0,4.0
2020-05-18,22.0,14.5,7.0
2020-05-19,20.0,15.2,10.0
2020-05-20,19.0,15.2,11.0
2020-05-21,26.0,17.1,7.0
2020-05-22,25.0,17.7,12.0
2020-05-23,19.0,15.1,12.0
2020-05-24,15.0,12.8,11.0
2020-05-25,17.0,13.7,8.0
2020-05-26,22.0,13.4,5.0
2020-05-27,21.0,14.9,9.0
2020-05-28,19.0,12.8,6.0
2020-05-29,21.0,14.0,3.0
2020-05-30,23.0,16.0,6.0
2020-05-31,22.0,15.8,8.0
2020-06-01,25.0,17.5,9.0
2020-06-02,27.0,20.7,13.0
2020-06-03,25.0,19.5,13.0
2020-06-04,16.0,13.0,10.0
2020-06-05,14.0,10.0,8.0
2020-06-06,15.0,11.9,8.0
2020-06-07,16.0,13.1,11.0
2020-06-08,17.0,13.3,11.0
2020-06-09,16.0,12.9,10.0
2020-06-10,18.0,13.8,10.0
2020-06-11,19.0,15.3,13.0
2020-06-12,26.0,20.6,15.0
2020-06-16,23.0,19.2,16.0
2020-06-17,25.0,19.5,15.0
2020-06-18,20.0,17.3,16.0
2020-06-19,24.0,18.1,13.0
2020-06-20,22.0,16.7,11.0
2020-06-21,26.0,18.1,8.0
2020-06-22,24.0,18.6,13.0
2020-06-23,26.0,19.2,9.0
2020-06-24,27.0,21.1,12.0
2020-06-25,29.0,22.6,14.0
2020-06-26,29.0,23.5,15.0
2020-06-27,28.0,21.6,16.0
2020-06-28,22.0,17.6,11.0
2020-06-29,21.0,16.7,11.0
2020-06-30,18.0,15.6,13.0
2020-07-01,20.0,16.7,14.0
2020-07-02,20.0,16.0,13.0
2020-07-03,21.0,16.7,12.0
2020-07-04,18.0,16.6,14.0
2020-07-05,22.0,18.7,17.0
2020-07-06,17.0,14.1,11.0
2020-07-07,17.0,13.3,8.0
2020-07-08,15.0,12.9,11.0
2020-07-09,18.0,15.1,13.0
2020-07-10,16.0,14.1,10.0
2020-07-11,18.0,13.6,8.0
2020-07-12,21.0,14.8,7.0
2020-07-13,23.0,16.2,7.0
2020-07-14,18.0,14.3,10.0
2020-07-15,20.0,15.2,11.0
2020-07-16,19.0,15.3,12.0
2020-07-17,22.0,16.6,11.0
2020-07-19,25.0,20.3,16.0
2020-07-20,21.0,16.4,11.0
2020-07-21,20.0,14.4,8.0
2020-07-22,19.0,14.7,7.0
2020-07-23,23.0,17.0,10.0
2020-07-24,24.0,18.6,16.0
2020-07-25,20.0,18.0,14.0
2020-07-26,23.0,18.8,14.0
2020-07-27,21.0,16.9,11.0
2020-07-28,20.0,17.8,16.0
2020-07-29,19.0,15.9,11.0
2020-07-30,24.0,16.2,7.0
2020-07-31,29.0,21.0,10.0
2020-08-01,28.0,22.2,17.0
2020-08-02,24.0,17.5,12.0
2020-08-03,22.0,14.4,8.0
2020-08-04,22.0,15.5,7.0
2020-08-05,28.0,20.4,13.0
2020-08-11,33.0,26.6,19.0
2020-08-12,33.0,27.1,22.0
2020-08-13,33.0,25.5,19.0
2020-08-14,28.0,21.2,19.0
2020-08-15,25.0,20.3,17.0
2020-08-17,24.0,19.8,16.0
2020-08-18,24.0,18.3,14.0
2020-08-19,26.0,19.8,12.0
2020-08-20,27.0,23.3,20.0
2020-08-21,30.0,24.2,19.0
2020-08-22,23.0,19.2,17.0
2020-08-23,20.0,16.8,13.0
2020-08-24,19.0,16.0,13.0
2020-08-26,18.0,16.1,15.0
2020-08-27,19.0,15.7,11.0
2020-08-28,20.0,16.3,13.0
2020-08-29,19.0,15.3,12.0
2020-08-31,19.0,15.5,11.0
2020-09-01,20.0,13.9,8.0
2020-09-02,21.0,13.3,5.0
2020-09-03,17.0,12.7,8.0
2020-09-04,21.0,17.2,15.0
2020-09-05,18.0,14.8,12.0
2020-09-06,17.0,13.1,11.0
2020-09-07,19.0,13.7,10.0
2020-09-08,18.0,16.2,14.0
2020-09-12,18.0,13.0,7.0
2020-09-13,23.0,15.6,9.0
2020-09-14,29.0,18.1,9.0
2020-09-15,31.0,20.4,13.0
2020-09-16,23.0,17.3,13.0
2020-09-17,17.0,12.1,8.0
2020-09-18,19.0,12.5,6.0
2020-09-19,22.0,14.2,8.0
2020-09-20,22.0,13.4,5.0
2020-09-21,24.0,13.8,5.0
2020-09-22,24.0,13.8,6.0
2020-09-23,23.0,14.6,7.0
2020-10-07,15.0,12.0,10.0
2020-10-08,15.0,12.2,10.0
2020-10-09,14.0,11.2,9.0
2020-10-10,11.0,8.1,6.0
2020-10-11,12.0,7.7,5.0
2020-10-12,13.0,8.1,5.0
2020-10-13,13.0,7.7,3.0
2020-10-14,11.0,8.8,5.0
2020-10-15,11.0,8.6,6.0
2020-10-16,11.0,8.1,5.0
2020-10-17,13.0,8.1,5.0
2020-10-18,11.0,7.8,4.0
2020-10-20,13.0,9.8,6.0
2020-10-24,15.0,13.1,11.0
2020-10-25,16.0,13.0,10.0
2020-10-26,12.0,10.1,9.0
2020-10-27,12.0,10.4,9.0
2020-10-29,12.0,10.0,8.0
2020-10-30,14.0,13.6,12.0
2020-10-31,14.0,13.4,12.0
2020-11-01,17.0,13.5,10.0
2020-11-02,19.0,16.4,11.0
2020-11-03,12.0,10.0,8.0
2020-11-04,12.0,7.1,4.0
2020-11-05,11.0,6.7,2.0
2020-11-06,12.0,8.5,6.0
2020-11-07,13.0,6.5,2.0
2020-11-08,13.0,6.3,1.0
2020-11-09,11.0,6.6,4.0
2020-11-10,7.0,5.4,4.0
2020-11-11,11.0,9.2,7.0
2020-11-12,13.0,9.7,7.0
2020-11-13,12.0,8.7,4.0
2020-11-15,17.0,13.1,8.0
2020-11-16,12.0,9.9,9.0
2020-11-17,13.0,11.0,8.0
2020-11-19,14.0,8.3,3.0
2020-11-20,8.0,4.4,2.0
2020-11-21,9.0,6.5,3.0
2020-11-22,11.0,8.1,4.0
2020-11-23,9.0,5.5,3.0
2020-11-24,11.0,6.9,5.0
2020-11-25,9.0,5.5,2.0
2020-11-26,9.0,8.2,7.0
2020-11-27,8.0,6.7,6.0
2020-11-28,5.0,4.7,3.0
2020-11-29,5.0,0.5,-2.0
2020-11-30,4.0,-0.6,-4.0
2020-12-01,9.0,6.3,5.0
2020-12-02,5.0,4.2,4.0
2020-12-03,5.0,4.4,4.0
2020-12-04,8.0,5.4,3.0
2020-12-05,6.0,2.7,-1.0
2020-12-06,4.0,2.4,-1.0
2020-12-07,6.0,4.2,3.0
2020-12-08,4.0,2.8,1.0
2020-12-09,3.0,2.0,1.0
2020-12-10,2.0,1.6,1.0
2020-12-11,4.0,2.4,0.0
2020-12-12,7.0,4.5,3.0
2020-12-13,8.0,6.0,4.0
2020-12-14,10.0,8.0,6.0
2020-12-15,9.0,8.4,7.0
2020-12-16,10.0,7.3,5.0
2020-12-17,10.0,9.0,7.0
2020-12-18,11.0,7.3,5.0
2020-12-19,12.0,8.2,5.0
2020-12-20,11.0,9.3,7.0
2020-12-21,9.0,6.9,5.0
2020-12-22,13.0,9.8,6.0
2020-12-23,11.0,8.3,4.0
2020-12-24,9.0,4.3,2.0
2020-12-25,5.0,1.7,0.0
2020-12-26,5.0,3.3,2.0
2020-12-27,5.0,4.3,3.0
2020-12-28,5.0,3.5,3.0
2020-12-29,4.0,3.3,3.0
2020-12-30,5.0,3.6,2.0
2020-12-31,3.0,2.7,2.0
2021-01-01,4.0,2.5,0.0
2021-01-02,4.0,3.4,3.0
2021-01-03,4.0,3.0,3.0
2021-01-04,3.0,2.5,1.0
2021-01-05,3.0,2.6,2.0
2021-01-06,2.0,1.4,1.0
2021-01-07,2.0,1.2,0.0
2021-01-08,3.0,1.3,-1.0
2021-01-09,2.0,0.5,-1.0
2021-01-10,4.0,1.7,-1.0
2021-01-11,5.0,3.4,2.0
2021-01-12,7.0,4.6,2.0
2021-01-13,5.0,2.7,0.0
2021-01-14,1.0,-0.1,-2.0
2021-01-15,1.0,-0.4,-2.0
2021-01-16,1.0,0.2,-1.0
2021-01-17,4.0,0.2,-1.0
2021-01-18,5.0,3.6,1.0
2021-01-19,10.0,6.6,4.0
2021-01-20,11.0,8.6,7.0
2021-01-21,12.0,8.2,5.0
2021-01-22,8.0,4.3,2.0
2021-01-23,5.0,1.9,0.0
2021-01-24,4.0,0.7,-1.0
2021-01-25,4.0,-0.2,-4.0
2021-01-26,6.0,2.6,1.0
2021-01-27,6.0,2.7,0.0
2021-01-28,5.0,3.1,1.0
2021-01-29,8.0,3.1,-1.0
2021-01-30,0.0,-1.1,-4.0
2021-01-31,1.0,-3.3,-7.0
2021-02-01,0.0,-1.3,-2.0
2021-02-02,2.0,0.3,-1.0
2021-02-03,9.0,5.7,1.0
2021-02-04,7.0,5.7,3.0
2021-02-05,4.0,2.9,2.0
2021-02-06,2.0,0.2,-1.0
2021-02-07,-2.0,-4.9,-6.0
2021-02-08,-5.0,-5.8,-9.0
2021-02-09,-2.0,-5.4,-11.0
2021-02-10,-3.0,-3.5,-5.0
2021-02-11,-1.0,-5.3,-12.0
2021-02-12,-3.0,-6.6,-12.0
2021-02-13,-2.0,-8.8,-16.0
2021-02-14,2.0,-5.1,-13.0
2021-02-15,3.0,1.3,-1.0
2021-02-16,7.0,5.1,3.0
2021-02-17,10.0,8.2,6.0
2021-02-18,11.0,8.8,5.0
2021-02-19,10.0,7.2,4.0
2021-02-20,16.0,11.2,8.0
2021-02-21,18.0,11.1,5.0
2021-02-22,17.0,9.8,3.0
2021-02-23,17.0,13.4,9.0
2021-02-24,18.0,13.3,8.0
2021-02-25,17.0,12.3,8.0
2021-02-26,11.0,7.1,3.0
2021-02-27,9.0,4.7,1.0
2021-02-28,9.0,2.3,-2.0
2021-03-01,10.0,5.5,2.0
2021-03-02,12.0,4.2,0.0
2021-03-03,12.0,4.7,-1.0
2021-03-04,6.0,3.3,2.0
2021-03-05,6.0,0.8,-4.0
2021-03-06,7.0,2.4,-3.0
2021-03-07,5.0,2.2,-2.0
2021-03-08,7.0,4.2,1.0
2021-03-09,5.0,3.6,2.0
2021-03-10,9.0,5.4,2.0
2021-03-11,11.0,8.2,5.0
2021-03-12,9.0,6.0,3.0
2021-03-13,8.0,6.5,6.0
2021-03-14,9.0,6.4,4.0
2021-03-15,9.0,5.5,3.0
2021-03-16,9.0,6.0,3.3
2021-03-17,7.1,4.0,0.3
2021-03-18,7.1,3.1,-1.1
2021-03-19,7.6,2.7,-1.7
2021-03-20,6.7,2.0,-4.6
2021-03-21,6.5,5.8,2.6
2021-03-22,8.2,5.9,3.4
2021-03-23,10.7,7.1,3.1
2021-03-24,14.0,8.2,3.4
2021-03-25,14.0,7.1,3.0
2021-03-26,14.2,9.1,5.5
2021-03-27,9.2,5.9,3.2
2021-03-28,10.7,8.5,3.4
2021-03-29,17.2,12.9,8.8
2021-03-30,19.6,12.3,5.3
2021-03-31,21.6,13.0,5.0
2021-04-01,12.1,9.7,4.0
2021-04-02,7.6,5.2,2.2
2021-04-03,11.5,6.9,3.6
2021-04-04,9.3,6.0,3.9
2021-04-05,6.7,3.1,1.4
2021-04-06,5.1,1.5,0.5
2021-04-07,6.8,1.7,-0.5
2021-04-08,7.5,4.4,0.2
2021-04-09,11.0,7.1,3.2
2021-04-10,8.4,5.3,3.4
2021-04-11,5.9,4.0,0.8
2021-04-12,6.1,2.7,-2.0
2021-04-13,9.0,3.9,0.0
2021-04-14,8.3,2.6,-3.0
2021-04-15,9.6,4.3,-3.0
2021-04-16,11.6,6.2,-0.6
2021-04-17,11.9,6.6,1.0
2021-04-18,15.2,9.0,1.9
2021-04-19,14.6,9.7,6.0
2021-04-20,18.0,11.1,4.0
2021-04-21,13.0,7.0,0.0
2021-04-22,11.0,6.2,2.0
2021-04-23,11.4,6.6,1.0
2021-04-24,11.7,6.2,1.6
2021-04-25,10.7,7.0,3.3
2021-04-26,12.0,6.3,-0.8
2021-04-27,13.0,7.3,1.0
2021-04-28,17.0,10.3,2.0
2021-04-29,11.2,8.1,6.0
2021-04-30,12.5,8.3,6.6
2021-05-01,12.8,8.3,5.4
2021-05-02,10.7,7.2,4.0
2021-05-03,13.0,7.3,3.0
2021-05-04,11.0,8.7,7.6
2021-05-05,11.0,7.2,5.0
2021-05-06,11.1,6.1,2.8
2021-05-07,10.9,6.9,2.0
2021-05-08,13.4,8.0,1.4
2021-05-09,24.3,19.4,10.9
2021-05-10,21.0,17.9,13.7
2021-05-11,15.0,13.1,12.6
2021-05-12,17.0,13.7,10.2
2021-05-13,16.4,12.8,5.7
2021-05-14,15.0,10.0,7.4
2021-05-15,14.9,9.2,6.3
2021-05-16,14.3,10.9,8.1
2021-05-17,15.0,10.7,7.1
2021-05-18,15.0,10.8,7.0
2021-05-19,14.0,9.6,5.3
2021-05-20,15.7,11.0,4.3
2021-05-21,15.3,12.3,10.0
2021-05-22,13.6,10.6,9.2
2021-05-23,13.7,9.9,6.4
2021-05-24,16.5,12.3,9.9
2021-05-25,12.4,9.4,8.0
2021-05-26,13.4,10.5,7.3
2021-05-27,14.6,10.9,8.6
2021-05-28,16.3,12.2,6.2
2021-05-29,17.1,11.7,5.7
2021-05-30,19.4,12.8,4.8
2021-05-31,21.3,15.2,7.1
2021-06-01,24.0,17.6,8.0
2021-06-02,24.0,19.1,13.0
2021-06-03,27.0,19.9,15.0
2021-06-04,25.1,21.0,15.4
2021-06-05,22.8,17.8,16.1
2021-06-06,18.6,14.7,12.8
2021-06-07,19.8,16.3,11.3
2021-06-08,22.6,16.9,9.7
2021-06-09,25.0,19.7,12.0
2021-06-10,25.0,20.0,11.4
2021-06-11,24.3,20.1,13.1
2021-06-12,20.2,17.5,13.0
2021-06-13,21.1,15.7,10.6
2021-06-14,25.6,19.3,10.0
2021-06-15,21.0,17.4,13.0
2021-06-16,28.5,20.6,11.1
2021-06-17,33.0,26.1,18.0
2021-06-18,28.4,24.1,18.0
2021-06-19,25.9,21.7,18.4
2021-06-20,23.2,19.7,16.3
2021-06-21,15.7,13.2,12.1
2021-06-22,17.0,13.9,10.0
2021-06-23,18.0,14.5,10.5
2021-06-24,19.0,15.2,10.9
2021-06-25,21.2,16.3,10.0
2021-06-26,22.5,18.8,12.8
2021-06-27,25.6,20.4,14.4
2021-06-28,27.0,21.4,16.6
2021-06-29,23.4,20.1,17.9
2021-06-30,17.8,16.4,14.7
2021-07-01,19.1,16.3,13.8
2021-07-02,20.6,16.8,13.9
2021-07-03,23.3,17.8,11.8
2021-07-04,22.7,18.9,16.5
2021-07-05,20.3,17.3,14.1
2021-07-06,23.0,19.2,16.4
2021-07-07,22.2,18.2,12.9
2021-07-08,25.0,18.5,14.0
2021-07-09,21.7,18.4,14.7
2021-07-10,21.1,17.1,12.5
2021-07-11,23.1,19.4,14.6
2021-07-12,25.0,20.6,16.0
2021-07-13,23.0,20.2,16.2
2021-07-14,24.0,20.4,18.3
2021-07-15,22.2,18.9,17.0
2021-07-16,22.1,18.0,15.3
2021-07-17,22.8,19.7,15.4
2021-07-18,24.6,19.5,14.2
2021-07-19,19.8,16.7,13.2
2021-07-20,21.0,16.8,11.6
2021-07-21,22.0,17.6,12.5
2021-07-22,22.0,17.5,13.9
2021-07-23,20.6,15.2,11.5
2021-07-24,26.2,19.2,13.5
2021-07-25,24.7,20.6,17.5
2021-07-26,25.0,20.1,14.0
2021-07-27,24.0,18.8,16.3
2021-07-28,22.0,17.9,16.0
2021-07-29,20.1,16.8,15.0
2021-07-30,22.8,17.4,12.8
2021-07-31,19.0,16.5,15.3
2021-08-01,18.6,15.0,13.2
2021-08-02,19.0,14.5,11.0
2021-08-03,19.4,15.4,8.8
2021-08-04,20.7,17.1,13.9
2021-08-05,22.5,17.5,11.9
2021-08-06,21.5,17.4,14.9
2021-08-07,20.9,18.0,14.8
2021-08-08,19.9,16.3,14.6
2021-08-09,20.0,16.3,13.8
2021-08-10,19.2,15.9,13.6
2021-08-11,23.0,16.9,10.0
2021-08-12,24.1,18.7,12.0
2021-08-13,23.0,18.2,14.0
2021-08-14,22.2,17.6,14.7
2021-08-15,24.1,19.5,14.8
2021-08-16,17.1,15.8,13.0
2021-08-17,17.0,15.2,13.0
2021-08-18,20.3,16.6,12.8
2021-08-19,19.4,16.3,15.4
2021-08-20,21.3,16.6,13.0
2021-08-21,22.4,18.0,14.6
2021-08-22,21.4,18.3,16.4
2021-08-23,22.0,17.9,15.0
2021-08-24,21.0,16.0,11.0
2021-08-25,20.0,14.6,9.0
2021-08-26,19.4,16.1,14.0
2021-08-27,18.5,15.3,12.9
2021-08-28,18.5,15.9,13.3
2021-08-29,19.6,16.3,14.8
2021-08-30,22.0,17.4,15.0
2021-08-31,21.0,16.5,13.0
2021-09-01,19.2,15.5,14.7
2021-09-02,21.0,14.2,7.0
2021-09-03,21.0,14.5,8.0
2021-09-04,19.9,15.7,12.9
2021-09-05,21.2,15.4,9.9
2021-09-06,22.0,14.6,8.5
2021-09-07,24.0,17.1,11.6
2021-09-08,26.0,18.2,10.0
2021-09-09,28.0,19.7,11.0
2021-09-10,24.0,19.9,17.0
2021-09-11,20.7,17.8,16.2
2021-09-12,20.3,17.0,14.0
2021-09-13,19.6,15.0,12.8
2021-09-14,22.9,16.1,9.0
2021-09-15,21.0,17.9,16.0
2021-09-16,19.0,15.5,13.0
2021-09-17,18.5,14.6,12.0
2021-09-18,19.4,14.1,9.5
2021-09-19,17.8,14.1,11.7
2021-09-20,16.0,11.3,10.1
2021-09-21,18.0,12.0,6.3
2021-09-22,19.7,14.9,11.0
2021-09-23,18.4,14.1,11.7
2021-09-24,19.3,16.2,12.4
2021-09-25,20.9,17.4,15.2
2021-09-26,22.5,17.7,13.2
2021-09-27,21.0,16.4,13.0
2021-09-28,18.0,12.5,10.0
2021-09-29,13.0,10.5,9.0
2021-09-30,15.0,11.6,8.0
2021-10-01,17.7,13.9,11.5
2021-10-02,15.8,14.3,11.9
2021-10-03,17.1,15.1,12.4
2021-10-04,17.0,12.5,11.0
2021-10-05,17.0,12.4,9.0
2021-10-06,13.1,11.2,9.7
2021-10-07,14.0,10.2,7.2
2021-10-08,16.8,9.1,2.0
2021-10-09,15.4,10.5,7.7
2021-10-10,14.8,7.7,2.7
2021-10-11,14.0,11.4,9.0
2021-10-12,13.0,10.6,8.0
2021-10-13,14.0,9.7,6.5
2021-10-14,14.9,12.8,10.9
2021-10-15,13.9,10.9,7.6
2021-10-16,11.9,7.9,5.7
2021-10-17,12.9,10.4,7.9
2021-10-18,15.0,11.1,8.0
2021-10-19,17.3,14.7,12.0
2021-10-20,17.9,15.7,14.0
2021-10-21,13.4,9.5,7.1
2021-10-22,10.1,7.4,5.7
2021-10-23,12.0,8.0,5.7
2021-10-24,12.5,6.8,4.1
2021-10-25,12.0,8.9,4.9
2021-10-26,14.0,12.1,10.0
2021-10-27,15.0,12.8,11.4
2021-10-28,16.0,11.6,7.0
2021-10-29,16.9,11.9,9.0
2021-10-30,13.6,11.9,9.9
2021-10-31,16.2,12.5,8.7
2021-11-01,13.0,10.0,7.4
2021-11-02,11.0,7.6,5.0
2021-11-03,7.7,6.0,3.2
2021-11-04,9.0,6.2,4.0
2021-11-05,12.0,7.1,4.0
2021-11-06,10.5,8.8,7.5
2021-11-07,11.1,9.3,7.4
2021-11-08,10.0,7.9,5.0
2021-11-09,11.0,7.4,5.8
2021-11-10,9.9,6.3,4.0
2021-11-11,9.0,8.4,7.9
2021-11-12,10.0,8.2,5.8
2021-11-13,11.1,9.0,8.2
2021-11-14,10.4,8.5,7.2
2021-11-15,7.3,5.8,5.9
2021-11-16,5.9,4.5,4.0
2021-11-17,10.4,6.4,4.9
2021-11-18,11.4,9.0,6.5
2021-11-19,13.0,11.7,10.6
2021-11-20,10.7,9.9,9.4
2021-11-21,9.6,7.5,4.6
2021-11-22,8.0,3.1,-1.0
2021-11-23,10.0,7.3,4.6
2021-11-24,7.0,6.1,4.5
2021-11-25,7.0,4.2,2.3
2021-11-26,6.0,3.2,2.1
2021-11-27,4.6,2.9,2.5
2021-11-28,4.4,2.1,-1.3
2021-11-29,4.0,1.6,0.0
2021-11-30,8.0,6.2,2.4
2021-12-01,9.4,7.7,4.0
2021-12-02,4.2,1.2,-1.4
2021-12-03,3.8,1.8,-0.9
2021-12-04,4.4,4.2,3.7
2021-12-05,4.2,4.1,0.2
2021-12-06,4.0,2.3,1.5
2021-12-07,4.7,2.6,1.1
2021-12-08,7.0,4.0,1.5
2021-12-09,4.0,2.2,-0.4
2021-12-10,6.0,2.2,-2.8
2021-12-11,3.6,-1.0,-3.8
2021-12-12,10.1,6.5,3.5
2021-12-13,10.2,9.3,8.2
2021-12-14,8.9,8.3,6.8
2021-12-15,11.0,9.5,8.7
2021-12-16,8.6,8.0,6.5
2021-12-17,9.4,7.9,7.5
2021-12-18,9.1,6.8,7.7
2021-12-19,8.4,6.9,6.2
2021-12-20,6.0,-0.1,-3.0
2021-12-21,3.0,-3.5,-7.0
2021-12-22,-1.0,-4.7,-8.0
2021-12-23,4.9,0.1,-2.9
2021-12-24,8.0,5.4,-1.0
2021-12-25,-1.1,-3.8,-5.9
2021-12-26,0.0,-3.2,-6.5
2021-12-27,4.0,1.4,-1.0
2021-12-28,9.0,5.6,3.3
2021-12-29,10.6,7.7,3.9
2021-12-30,13.0,11.5,8.4
2021-12-31,12.7,13.0,11.6
2022-01-01,12.6,11.7,10.6
2022-01-02,11.7,10.8,9.4
2022-01-03,11.0,9.4,7.2
2022-01-04,8.0,6.0,2.5
2022-01-05,7.0,3.8,1.0
2022-01-06,6.0,2.3,-1.2
2022-01-07,5.2,2.7,0.6
2022-01-08,4.0,1.5,-0.7
2022-01-09,5.9,4.5,2.2
2022-01-10,5.0,1.0,-2.0
2022-01-11,4.0,0.9,-2.0
2022-01-12,5.0,3.4,1.9
2022-01-13,6.1,4.0,2.2
2022-01-14,7.3,5.7,1.9
2022-01-15,6.3,4.8,4.4
2022-01-16,7.3,4.1,1.1
2022-01-17,9.0,6.5,4.6
2022-01-18,7.0,5.7,3.7
2022-01-19,6.1,3.5,1.0
2022-01-20,5.0,2.6,1.7
2022-01-21,6.5,3.3,0.0
2022-01-22,8.0,5.8,5.5
2022-01-23,7.5,5.4,4.1
2022-01-24,6.3,4.3,0.7
2022-01-25,4.7,3.2,1.8
2022-01-26,4.9,2.9,1.0
2022-01-27,9.0,5.9,4.5
2022-01-28,7.1,5.3,3.7
2022-01-29,11.0,8.3,5.5
2022-01-30,7.4,5.1,2.3
2022-01-31,8.0,4.5,1.5
2022-02-01,8.4,5.4,2.0
2022-02-02,9.0,6.0,3.2
2022-02-03,8.0,7.1,4.7
2022-02-04,9.1,6.1,1.8
2022-02-05,6.7,5.1,2.4
2022-02-06,8.2,6.0,3.0
2022-02-07,8.0,5.1,2.0
2022-02-08,11.0,9.1,5.1
2022-02-09,10.0,8.8,7.9
2022-02-10,8.1,6.5,4.0
2022-02-11,6.2,3.3,-2.4
2022-02-12,5.8,1.6,-2.6
2022-02-13,8.7,5.0,-0.6
2022-02-14,11.0,9.3,6.2
2022-02-15,9.0,6.9,5.0
2022-02-16,13.0,10.0,7.2
2022-02-17,11.5,8.4,5.5
2022-02-18,11.2,7.1,3.6
2022-02-19,7.4,4.9,2.4
2022-02-20,9.9,6.7,1.9
2022-02-21,8.3,5.1,3.0
2022-02-22,8.7,5.7,3.0
2022-02-23,11.0,7.3,3.0
2022-02-24,10.0,6.5,2.4
2022-02-25,7.4,4.0,2.0
2022-02-26,8.0,2.5,-1.0
2022-02-27,8.5,2.9,-1.7
2022-02-28,10.0,3.4,-2.0
2022-03-01,9.0,3.9,-0.2
2022-03-02,10.0,5.3,0.6
2022-03-03,10.0,3.1,-2.0
2022-03-04,7.5,1.7,-2.1
2022-03-05,7.8,1.7,-2.8
2022-03-06,5.2,1.1,-1.5
2022-03-07,7.3,1.1,-3.2
2022-03-08,9.6,3.9,-2.2
2022-03-09,11.2,3.9,-1.5
2022-03-10,16.0,6.4,-2.0
2022-03-11,11.3,6.8,1.0
2022-03-12,14.3,8.9,4.2
2022-03-13,14.6,8.9,3.4
2022-03-14,11.6,7.7,4.6
2022-03-15,12.1,5.3,1.3
2022-03-16,14.2,7.7,0.0
2022-03-17,11.2,8.2,2.2
2022-03-18,13.3,6.2,-2.0
2022-03-19,11.3,6.8,2.6
2022-03-20,13.3,6.9,2.5
2022-03-21,16.0,9.2,3.0
2022-03-22,19.0,9.7,2.0
2022-03-23,18.0,8.9,1.0
2022-03-24,18.0,8.7,-1.0
2022-03-25,15.6,8.2,1.4
2022-03-26,15.0,8.7,2.4
2022-03-27,14.4,7.4,1.9
2022-03-28,13.5,6.4,3.0
2022-03-29,11.3,6.7,3.7
2022-03-30,7.2,4.1,0.9
2022-03-31,5.0,2.8,1.0
2022-04-01,3.7,1.5,-1.0
2022-04-02,6.2,2.6,-0.3
2022-04-03,7.2,2.5,-3.4
2022-04-04,8.4,5.3,1.9
2022-04-05,11.0,8.2,6.0
2022-04-06,10.1,9.4,8.5
2022-04-07,10.7,7.8,3.7
2022-04-08,9.2,5.7,3.2
2022-04-09,8.5,4.8,2.5
2022-04-10,10.2,4.9,1.0
2022-04-11,13.5,6.4,-2.0
2022-04-12,21.2,13.0,4.7
2022-04-13,19.0,13.8,9.0
2022-04-14,17.5,12.5,8.0
2022-04-15,10.0,7.8,5.0
2022-04-16,13.0,9.0,3.1
2022-04-17,15.5,10.0,2.5
2022-04-18,17.1,11.6,3.6
2022-04-19,15.6,10.2,1.0
2022-04-20,15.9,11.0,4.7
2022-04-21,16.0,11.2,4.0
2022-04-22,16.5,12.3,7.0
2022-04-23,16.6,13.0,8.3
2022-04-24,14.6,10.9,6.6
2022-04-25,12.8,8.1,5.3
2022-04-26,13.9,8.8,4.7
2022-04-27,12.0,6.7,-1.0
2022-04-28,14.8,7.5,-1.0
2022-04-29,12.7,7.4,2.0
2022-04-30,12.5,8.1,2.5
2022-05-01,12.6,9.3,2.4
2022-05-02,17.0,10.5,3.0
2022-05-03,13.0,8.4,1.0
2022-05-04,16.0,9.9,3.2
2022-05-05,18.0,11.6,2.0
2022-05-06,20.0,13.9,4.0
2022-05-07,19.7,14.5,10.0
2022-05-08,15.5,10.5,5.2
2022-05-09,23.0,13.7,2.0
2022-05-10,25.0,16.9,12.0
2022-05-11,23.0,17.2,12.2
2022-05-12,19.0,14.5,9.0
2022-05-13,17.7,13.5,9.5
2022-05-14,20.5,15.1,9.2
2022-05-15,22.1,15.5,7.7
2022-05-16,25.0,17.6,12.0
2022-05-17,22.0,17.7,12.0
2022-05-18,29.0,21.7,13.0
2022-05-19,28.0,19.1,14.0
2022-05-20,21.0,14.6,11.0
2022-05-21,17.9,14.2,10.0
2022-05-22,19.1,13.7,7.3
2022-05-23,25.0,18.5,12.6
2022-05-24,17.1,13.5,11.8
2022-05-25,18.7,13.5,9.0
2022-05-27,15.3,13.5,11.3
2022-05-28,14.6,11.6,9.2
2022-05-29,13.8,10.2,8.2
2022-05-30,13.7,10.3,7.0
2022-05-31,17.0,12.3,6.9
2022-06-01,16.0,11.6,8.1
2022-06-02,18.0,13.1,6.0
2022-06-03,21.1,15.1,8.1
2022-06-04,20.4,15.3,10.3
2022-06-05,22.7,17.0,11.0
2022-06-06,18.3,15.2,11.9
2022-06-07,17.8,14.4,11.2
2022-06-08,22.0,15.1,10.0
2022-06-09,21.0,16.3,11.9
2022-06-10,20.6,15.8,9.0
2022-06-11,21.4,18.4,13.7
2022-06-12,20.6,15.9,10.7
2022-06-13,18.0,14.2,11.2
2022-06-14,18.2,13.9,8.8
2022-06-15,23.0,16.1,8.0
2022-06-16,22.0,16.7,10.1
2022-06-17,26.2,19.0,11.0
2022-06-18,26.1,21.2,15.6
2022-06-19,17.9,14.0,12.2
2022-06-20,19.0,14.5,9.6
2022-06-21,21.0,15.2,7.0
2022-06-22,23.3,17.7,8.0
2022-06-23,31.3,22.8,12.7
2022-06-24,21.8,20.1,17.7
2022-06-25,24.9,20.7,15.8
2022-06-26,21.7,19.2,16.9
2022-06-27,20.1,16.4,15.0
2022-06-28,22.7,17.3,10.1
2022-06-29,26.4,20.1,11.0
2022-06-30,27.0,22.0,17.0
2022-07-01,20.3,16.6,14.0
2022-07-02,23.7,18.1,9.7
2022-07-03,23.1,18.7,13.0
2022-07-04,22.5,17.0,11.0
2022-07-05,20.6,15.7,8.1
2022-07-06,19.5,15.5,11.5
2022-07-07,18.2,16.0,14.5
2022-07-08,22.7,17.1,11.5
2022-07-09,21.1,17.2,14.5
2022-07-10,16.7,14.7,12.1
2022-07-11,20.0,17.1,14.7
2022-07-12,26.7,19.6,10.6
2022-07-13,28.5,22.0,16.1
2022-07-14,20.2,15.3,9.2
2022-07-15,20.7,15.9,10.0
2022-07-16,20.6,16.5,11.6
2022-07-17,24.1,15.9,6.2
2022-07-18,31.2,21.4,10.5
2022-07-19,37.2,26.6,12.7
2022-07-20,31.1,25.7,16.5
2022-07-21,23.5,19.5,16.5
2022-07-22,19.6,16.2,14.6
2022-07-23,21.5,16.9,11.3
2022-07-24,26.7,21.3,14.5
2022-07-25,26.0,21.4,17.0
2022-07-26,19.4,17.3,14.6
2022-07-27,19.6,14.8,11.9
2022-07-28,21.1,14.8,5.0
2022-07-29,25.1,17.6,14.0
2022-07-30,24.1,18.9,12.7
2022-07-31,21.4,18.9,16.3
2022-08-01,21.0,17.7,13.5
2022-08-02,26.1,18.7,7.0
2022-08-03,28.5,23.0,17.4
2022-08-04,31.0,22.6,19.0
2022-08-05,20.1,17.5,14.1
2022-08-06,20.2,15.6,10.5
2022-08-07,22.3,16.4,10.2
2022-08-08,22.7,17.2,9.5
2022-08-09,25.6,18.4,10.7
2022-08-10,28.6,20.5,11.2
2022-08-11,30.5,22.4,12.5
2022-08-12,31.2,22.9,13.2
2022-08-13,31.2,23.3,12.1
2022-08-14,31.5,24.6,17.5
2022-08-15,27.7,22.7,17.5
2022-08-16,29.7,23.4,17.5
2022-08-17,27.1,19.8,16.2
2022-08-18,23.7,19.4,15.7
2022-08-19,27.5,19.8,11.7
2022-08-20,24.0,19.6,16.0
2022-08-21,24.5,18.2,10.2
2022-08-22,25.7,19.4,13.2
2022-08-23,29.6,21.4,13.1
2022-08-24,31.1,23.1,13.5
2022-08-25,30.7,24.4,17.0
2022-08-26,23.5,20.1,17.7
2022-08-27,21.2,17.9,13.5
2022-08-28,21.7,15.6,9.5
2022-08-29,22.5,17.6,12.5
2022-08-30,23.2,17.5,10.7
2022-08-31,23.5,16.9,8.7
2022-09-01,23.7,17.4,10.2
2022-09-02,24.5,18.4,11.2
2022-09-03,25.5,19.6,13.0
2022-09-04,27.2,20.3,12.5
2022-09-05,29.0,22.6,15.2
2022-09-06,29.1,22.3,17.7
2022-09-07,23.0,18.3,15.2
2022-09-08,18.6,15.9,13.6
2022-09-09,20.6,16.0,12.0
2022-09-10,19.7,16.3,13.5
2022-09-11,21.5,15.8,12.1
2022-09-12,24.1,16.3,9.0
2022-09-13,21.7,16.9,11.5
2022-09-14,20.1,13.8,9.2
2022-09-15,18.0,13.7,10.5
2022-09-16,17.5,12.5,9.7
2022-09-17,14.2,10.8,8.2
2022-09-18,12.6,10.2,8.7
2022-09-19,16.5,12.0,9.0
2022-09-20,15.7,10.8,7.0
2022-09-21,17.0,9.0,2.2
2022-09-22,18.0,9.4,1.7
2022-09-23,17.0,11.1,4.2
2022-09-24,15.7,13.1,11.5
2022-09-25,17.5,11.1,7.0
2022-09-26,11.6,10.8,8.0
2022-09-27,12.2,9.4,7.1
2022-09-28,14.0,8.4,5.6
2022-09-29,15.0,8.3,2.0
2022-09-30,16.2,10.9,3.7
2022-10-01,17.0,12.4,10.2
2022-10-02,17.1,12.9,9.2
2022-10-03,17.5,11.9,7.7
2022-10-04,17.7,13.3,9.7
2022-10-05,19.6,16.0,13.7
2022-10-06,16.5,13.1,10.1
2022-10-07,17.0,12.5,8.0
2022-10-08,15.1,11.9,9.2
2022-10-09,15.4,8.6,5.1
2022-10-10,16.0,8.8,3.0
2022-10-11,16.0,8.4,5.0
2022-10-12,16.0,7.7,2.0
2022-10-13,15.0,11.3,7.5
2022-10-14,15.6,12.8,9.0
2022-10-15,16.5,13.1,10.6
2022-10-16,17.4,13.2,11.8
2022-10-17,18.0,14.6,13.0
2022-10-18,17.0,12.6,9.2
2022-10-19,14.0,9.9,7.3
2022-10-20,15.0,9.5,6.0
2022-10-21,17.0,13.2,10.0
2022-10-22,16.8,12.4,11.1
2022-10-23,18.9,12.5,10.5
2022-10-24,18.0,15.0,13.3
2022-10-25,16.0,12.8,10.4
2022-10-26,19.0,12.6,8.0
2022-10-27,20.0,15.1,11.0
2022-10-28,21.3,16.4,11.0
2022-10-29,20.4,14.0,11.6
2022-10-30,19.5,14.7,12.8
2022-10-31,16.6,12.3,8.6
2022-11-01,16.0,14.5,12.4
2022-11-02,14.0,12.2,10.3
2022-11-03,14.0,11.6,10.0
2022-11-04,12.2,9.3,5.9
2022-11-05,11.4,7.8,5.3
2022-11-06,13.0,10.3,9.1
2022-11-07,14.0,12.7,10.0
2022-11-08,16.0,13.6,10.2
2022-11-09,14.0,13.1,9.8
2022-11-10,14.0,11.1,8.6
2022-11-11,13.1,9.6,7.8
2022-11-12,12.4,5.7,3.6
2022-11-13,12.4,6.4,4.6
2022-11-14,10.2,6.8,2.8
2022-11-15,13.0,10.3,5.4
2022-11-16,13.0,10.0,7.1
2022-11-17,10.4,6.7,6.0
2022-11-18,6.7,3.8,1.0
2022-11-19,2.4,-1.4,-3.7
2022-11-20,2.3,-0.7,-3.5
2022-11-21,4.1,0.5,-4.0
2022-11-22,8.0,5.6,3.0
2022-11-23,10.0,8.1,6.8
2022-11-24,10.0,7.5,6.1
2022-11-25,10.1,7.8,5.8
2022-11-26,8.7,5.8,4.1
2022-11-27,6.6,5.3,3.3
2022-11-28,7.4,6.7,6.1
2022-11-29,8.0,7.2,5.5
2022-11-30,5.9,5.1,4.8
2022-12-01,5.5,4.4,2.8
2022-12-02,2.7,1.7,1.0
2022-12-03,2.3,0.5,0.0
2022-12-04,2.7,0.9,-0.5
2022-12-05,5.0,4.2,3.0
2022-12-06,6.0,4.5,3.3
2022-12-07,5.0,3.0,0.6
2022-12-08,3.0,2.4,-0.8
2022-12-09,1.9,0.1,-1.3
2022-12-10,1.1,-1.9,-0.6
2022-12-11,1.1,-0.8,-1.6
2022-12-12,1.0,-1.3,-4.2
2022-12-13,-1.0,-4.7,-5.5
2022-12-14,-1.0,-6.9,-11.0
2022-12-15,1.0,-3.5,-7.0
2022-12-16,-0.2,-1.8,-4.8
2022-12-17,-0.2,-3.0,-5.0
2022-12-18,1.2,-4.7,-6.5
2022-12-19,8.0,5.8,0.7
2022-12-20,11.0,10.3,6.7
2022-12-21,8.1,7.8,6.7
2022-12-22,9.0,7.7,6.3
2022-12-23,7.7,7.1,6.5
2022-12-24,9.4,7.9,5.4
2022-12-25,8.3,7.4,5.4
2022-12-26,9.4,6.7,3.1
2022-12-27,6.4,4.6,2.9
2022-12-28,9.7,7.7,5.4
2022-12-29,10.3,9.5,6.6
2022-12-30,12.0,7.7,5.0
2022-12-31,15.8,13.2,10.6
2023-01-01,15.7,12.6,10.4
2023-01-02,12.2,9.2,6.3
2023-01-03,7.6,5.1,2.0
2023-01-04,12.0,10.2,7.4
2023-01-05,10.0,9.5,7.7
2023-01-06,10.1,9.1,6.7
2023-01-07,10.8,10.0,8.4
2023-01-08,10.6,8.5,6.5
2023-01-09,7.3,5.9,4.5
2023-01-10,7.8,5.9,4.4
2023-01-11,10.7,9.1,7.1
2023-01-12,11.0,9.3,7.3
2023-01-13,9.7,8.0,5.9
2023-01-14,10.9,7.5,4.1
2023-01-15,8.2,5.7,4.6
2023-01-16,4.9,3.8,3.0
2023-01-17,4.0,1.6,-1.4
2023-01-18,3.2,0.6,-3.0
2023-01-19,6.0,2.5,-1.4
2023-01-20,2.5,0.2,-3.0
2023-01-21,2.4,-0.6,-3.7
2023-01-22,2.4,0.6,-1.6
2023-01-23,4.1,2.3,1.5
2023-01-24,3.0,1.5,-1.8
2023-01-25,-0.1,-1.4,-2.4
2023-01-26,7.0,2.3,-1.0
2023-01-27,4.8,3.2,-0.2
2023-01-28,3.7,1.5,-1.6
2023-01-29,4.5,2.4,1.3
2023-01-30,7.5,5.8,4.4
2023-01-31,8.0,5.1,2.4
2023-02-01,7.0,5.9,4.6
2023-02-02,7.9,5.6,4.0
2023-02-03,9.8,8.3,5.6
2023-02-04,6.0,4.1,3.4
2023-02-05,7.6,4.1,1.7
2023-02-06,8.0,2.5,0.0
2023-02-07,4.0,-1.1,-5.0
2023-02-08,7.0,-1.2,-6.0
2023-02-09,4.7,1.4,-2.1
2023-02-10,6.9,3.1,-1.0
2023-02-11,9.4,7.5,5.4
2023-02-12,9.5,7.2,5.5
2023-02-13,10.6,5.8,2.5
2023-02-14,12.0,3.3,-1.0
2023-02-15,12.0,3.6,-3.0
2023-02-16,8.2,6.6,3.5
2023-02-17,11.8,9.9,6.5
2023-02-18,11.5,9.5,6.1
2023-02-19,8.5,6.8,4.4
2023-02-20,9.1,8.0,4.4
2023-02-21,11.6,9.0,7.5
2023-02-22,10.2,7.9,4.9
2023-02-23,8.5,6.4,2.1
2023-02-24,7.4,3.7,1.7
2023-02-25,5.2,3.1,-0.1
2023-02-26,5.1,1.0,-2.7
2023-02-27,6.2,0.4,-5.0
2023-02-28,6.1,1.9,-2.8
2023-03-01,7.0,0.5,-6.0
2023-03-02,6.8,1.1,-1.9
2023-03-03,7.1,4.1,-2.5
2023-03-04,6.9,5.0,3.3
2023-03-05,6.4,3.4,1.0
2023-03-06,6.0,2.8,0.0
2023-03-07,4.0,2.1,-1.4
2023-03-08,3.2,0.2,-2.0
2023-03-09,2.3,0.8,0.0
2023-03-10,2.0,0.5,-0.2
2023-03-11,4.9,0.7,-3.5
2023-03-12,8.5,3.0,-2.0
2023-03-13,17.0,12.4,8.2
2023-03-14,10.2,6.7,2.0
2023-03-15,8.0,3.5,0.0
2023-03-16,9.0,5.3,0.7
2023-03-17,16.0,11.0,6.5
2023-03-18,15.0,12.4,8.0
2023-03-19,13.8,10.9,7.3
2023-03-20,10.0,8.3,6.7
2023-03-21,12.4,9.9,8.5
2023-03-22,12.0,10.6,8.6
2023-03-23,15.0,12.0,9.0
2023-03-24,13.0,11.1,8.8
2023-03-25,10.6,8.7,7.5
2023-03-26,9.3,6.1,3.9
2023-03-27,7.0,3.4,-1.0
2023-03-28,8.0,4.4,-2.0
2023-03-29,13.0,8.4,4.1
2023-03-30,16.0,12.7,10.2
2023-03-31,13.3,10.6,8.2
2023-04-01,10.3,8.7,5.3
2023-04-02,10.0,4.9,0.3
2023-04-03,8.9,3.7,-1.0
2023-04-04,8.2,3.0,-4.0
2023-04-05,9.5,3.3,-4.0
2023-04-06,12.4,5.4,-3.0
2023-04-07,12.4,8.5,6.1
2023-04-08,12.1,6.6,1.4
2023-04-09,14.9,8.7,6.5
2023-04-10,15.8,10.8,5.2
2023-04-11,11.0,7.9,5.2
2023-04-12,11.5,7.6,5.1
2023-04-13,12.0,7.3,4.0
2023-04-14,13.9,8.0,1.0
2023-04-15,9.3,6.5,3.3
2023-04-16,14.4,10.1,5.0
2023-04-17,16.0,10.7,5.3
2023-04-18,14.0,9.2,5.2
2023-04-19,14.0,9.6,5.0
2023-04-20,12.6,8.6,5.7
2023-04-21,19.0,14.4,8.5
2023-04-22,20.8,13.4,8.3
2023-04-23,18.1,11.9,6.8
2023-04-24,10.8,8.6,7.4
2023-04-25,9.0,6.2,3.8
2023-04-26,9.0,4.9,0.0
2023-04-27,11.5,6.2,-2.0
2023-04-28,16.4,10.1,5.5
2023-04-29,14.1,10.9,6.7
2023-04-30,15.0,9.1,2.8
2023-05-01,17.8,12.1,5.0
2023-05-02,10.0,8.2,6.5
2023-05-03,12.2,6.9,-1.0
2023-05-04,17.9,12.0,4.2
2023-05-05,19.9,12.6,9.0
2023-05-06,18.8,13.0,8.4
2023-05-07,16.9,13.1,10.3
2023-05-08,21.2,15.0,9.0
2023-05-09,19.0,14.8,13.0
2023-05-10,16.7,13.5,11.8
2023-05-11,15.0,13.1,10.2
2023-05-12,21.3,16.2,10.9
2023-05-13,21.0,16.4,9.3
2023-05-14,20.1,15.0,8.5
2023-05-15,19.0,12.7,9.9
2023-05-16,14.0,10.2,6.0
2023-05-17,12.0,8.9,5.0
2023-05-18,14.3,8.5,4.2
2023-05-19,17.8,12.4,4.0
2023-05-20,18.0,14.9,10.2
2023-05-21,23.3,17.6,12.6
2023-05-22,24.0,19.1,13.6
2023-05-23,15.0,12.0,8.7
2023-05-24,15.0,10.6,7.0
2023-05-25,17.0,11.0,6.0
2023-05-26,16.1,10.4,4.0
2023-05-27,19.7,13.6,6.6
2023-05-28,20.5,14.8,8.5
2023-05-29,15.9,12.1,7.8
2023-05-30,16.1,12.1,8.4
2023-05-31,23.0,15.0,8.5
2023-06-01,14.2,11.7,9.1
2023-06-02,19.7,14.5,7.3
2023-06-03,19.3,15.0,9.0
2023-06-04,21.3,15.1,8.7
2023-06-05,23.0,14.7,8.0
2023-06-06,23.0,15.8,9.2
2023-06-07,23.0,15.5,9.3
2023-06-08,25.0,16.6,9.7
2023-06-09,27.2,20.1,11.0
2023-06-10,26.7,21.1,14.3
2023-06-11,28.5,23.3,17.4
2023-06-12,28.0,22.3,15.0
2023-06-13,27.0,20.9,15.0
2023-06-14,24.2,19.5,14.0
2023-06-15,25.1,19.2,13.0
2023-06-16,24.2,18.8,10.0
2023-06-17,25.5,18.7,12.1
2023-06-18,27.8,21.5,14.1
2023-06-19,25.4,22.2,19.9
2023-06-20,28.4,21.5,16.5
2023-06-21,27.0,21.7,18.0
2023-06-22,25.0,19.4,15.0
2023-06-23,24.0,19.6,15.9
2023-06-24,26.5,20.7,12.8
2023-06-25,28.8,23.1,16.2
2023-06-26,24.0,19.7,15.7
2023-06-27,22.0,16.9,12.0
2023-06-28,20.7,16.0,13.0
2023-06-29,24.0,19.5,16.4
2023-06-30,21.5,18.0,13.0
2023-07-01,19.7,17.3,15.9
2023-07-02,19.2,17.1,13.7
2023-07-03,19.0,15.9,13.8
2023-07-04,19.4,15.7,12.4
2023-07-05,16.3,14.6,13.0
2023-07-06,20.5,15.9,11.3
2023-07-07,25.3,19.5,10.0
2023-07-08,30.5,23.9,15.8
2023-07-09,31.1,23.7,18.5
2023-07-10,25.0,20.3,17.4
2023-07-11,28.0,22.6,16.0
2023-07-12,21.6,17.8,16.3
2023-07-13,19.8,16.7,13.0
2023-07-14,23.8,18.4,12.0
2023-07-15,27.4,22.0,19.5
2023-07-16,22.8,18.8,16.4
2023-07-17,19.2,16.6,14.8
2023-07-18,22.8,17.7,12.0
2023-07-19,21.0,16.9,14.5
2023-07-20,21.0,16.2,12.0
2023-07-21,20.6,15.7,11.4
2023-07-22,18.7,14.1,11.2
2023-07-23,21.6,16.5,14.8
2023-07-24,22.0,17.8,14.2
2023-07-25,19.0,14.7,11.0
2023-07-26,18.6,14.8,11.0
2023-07-27,18.8,15.5,12.3
2023-07-28,23.0,19.7,16.9
2023-07-29,21.7,18.3,15.8
2023-07-30,19.6,16.7,13.8
2023-07-31,19.0,16.5,15.3
2023-08-01,19.0,15.9,15.0
2023-08-02,20.5,16.2,14.0
2023-08-03,22.0,17.5,15.2
2023-08-04,19.8,16.2,13.9
2023-08-05,19.8,14.4,9.9
2023-08-06,20.1,16.0,12.6
2023-08-07,17.0,14.9,13.2
2023-08-08,18.3,15.2,12.4
2023-08-09,20.0,15.7,11.1
2023-08-10,20.3,15.5,10.9
2023-08-11,26.7,20.7,12.0
2023-08-12,22.6,19.3,16.4
2023-08-13,21.9,18.5,15.1
2023-08-14,25.4,19.2,11.0
2023-08-15,24.0,19.9,16.0
2023-08-16,23.0,17.4,11.0
2023-08-17,22.2,16.7,15.0
2023-08-18,26.4,20.3,15.0
2023-08-19,27.4,20.9,17.6
2023-08-20,24.3,18.9,15.4
2023-08-21,25.0,18.6,12.0
2023-08-22,24.2,19.2,14.0
2023-08-23,25.0,18.7,11.0
2023-08-24,27.1,19.9,14.0
2023-08-25,22.5,18.9,17.0
2023-08-26,20.4,16.0,14.3
2023-08-27,19.1,13.3,12.0
2023-08-28,20.0,14.9,10.0
2023-08-29,19.0,14.1,9.0
2023-08-30,16.0,13.2,10.0
2023-08-31,17.0,13.3,9.9
2023-09-01,19.6,13.8,8.0
2023-09-02,21.1,15.2,12.8
2023-09-03,21.6,14.9,10.6
2023-09-04,24.0,16.4,8.0
2023-09-05,29.0,20.0,10.0
2023-09-06,30.0,21.3,12.0
2023-09-07,28.0,21.8,14.0
2023-09-08,29.0,21.2,12.0
2023-09-09,27.4,20.6,15.6
2023-09-10,27.1,20.3,15.2
2023-09-11,29.0,22.0,15.0
2023-09-12,24.0,19.6,17.4
2023-09-13,18.3,14.9,10.9
2023-09-14,18.4,12.2,7.0
2023-09-15,20.7,13.4,6.0
2023-09-16,24.0,16.9,12.9
2023-09-17,22.9,18.2,14.9
2023-09-18,23.0,18.3,17.0
2023-09-19,18.9,16.0,13.0
2023-09-20,21.9,18.3,16.0
2023-09-21,22.2,18.0,16.8
2023-09-22,17.7,14.3,12.9
2023-09-23,16.1,13.0,10.5
2023-09-24,18.7,13.5,9.7
2023-09-25,20.3,13.9,10.0
2023-09-26,21.0,13.9,7.0
2023-09-27,22.1,15.7,11.5
2023-09-28,21.1,17.1,15.0
2023-09-29,22.4,16.3,12.9
2023-09-30,18.9,14.3,11.3
2023-10-01,21.0,16.4,13.8
2023-10-02,22.1,17.3,15.0
2023-10-03,19.7,15.5,12.5
2023-10-04,17.0,13.8,11.0
2023-10-05,16.8,14.2,12.8
2023-10-06,19.1,15.5,12.0
2023-10-07,20.1,17.3,15.7
2023-10-08,16.7,13.3,11.9
2023-10-09,17.8,15.0,12.5
2023-10-10,21.0,17.0,14.0
2023-10-11,18.9,16.7,15.0
2023-10-12,17.2,13.0,12.0
2023-10-13,22.8,17.6,15.3
2023-10-14,17.3,10.9,8.6
2023-10-15,10.7,7.1,6.2
2023-10-16,13.0,7.5,6.0
2023-10-17,11.6,5.9,2.8
2023-10-18,11.9,7.2,4.0
2023-10-19,14.3,8.7,8.7
2023-10-20,9.2,7.2,7.0
2023-10-21,16.0,12.0,9.5
2023-10-22,14.1,11.7,9.2
2023-10-23,14.7,8.7,6.0
2023-10-24,13.8,11.1,9.9
2023-10-25,12.3,9.6,7.0
2023-10-26,12.3,9.9,8.0
2023-10-27,10.1,9.2,7.2
2023-10-28,12.7,10.4,7.7
2023-10-29,15.4,12.7,9.9
2023-10-30,15.2,11.9,10.0
2023-10-31,12.8,10.1,8.5
2023-11-01,14.4,11.7,9.7
2023-11-02,14.0,11.9,9.2
2023-11-03,11.2,9.5,7.6
2023-11-04,11.8,8.9,6.5
2023-11-05,11.7,9.8,8.6
2023-11-06,11.0,9.7,8.3
2023-11-07,11.0,9.1,7.6
2023-11-08,11.0,8.7,7.0
2023-11-09,10.5,9.2,8.4
2023-11-10,9.0,7.6,7.0
2023-11-11,8.9,6.5,4.9
2023-11-12,9.4,5.2,3.0
2023-11-13,12.6,6.7,2.1
2023-11-14,13.0,11.2,8.7
2023-11-15,11.0,9.0,7.5
2023-11-16,8.7,5.5,2.3
2023-11-17,8.3,3.4,1.0
2023-11-18,9.6,3.1,1.8
2023-11-19,12.3,11.1,10.0
2023-11-20,11.1,9.7,7.1
2023-11-21,8.4,6.5,3.2
2023-11-22,6.4,1.8,-2.0
2023-11-23,13.0,10.1,7.0
2023-11-24,8.1,4.5,3.2
2023-11-25,7.1,3.2,-0.3
2023-11-26,6.4,4.1,-0.4
2023-11-27,4.9,2.6,1.2
2023-11-28,1.4,0.2,-1.9
2023-11-29,3.0,0.6,-4.0
2023-11-30,1.2,-0.4,-4.2
2023-12-01,-0.5,-3.0,-4.3
2023-12-02,2.0,-1.8,-5.4
2023-12-03,2.2,0.7,-2.6
2023-12-04,2.8,0.4,-0.5
2023-12-05,2.2,-0.1,-0.2
2023-12-06,3.7,1.1,-0.2
2023-12-07,2.7,1.1,0.0
2023-12-08,7.0,2.1,0.0
2023-12-09,9.2,7.0,6.4
2023-12-10,9.5,8.0,7.1
2023-12-11,9.2,8.2,5.4
2023-12-12,7.6,5.0,2.0
2023-12-13,7.8,7.1,4.3
2023-12-14,5.0,3.8,2.9
2023-12-15,8.1,6.7,4.0
2023-12-16,9.2,7.3,3.7
2023-12-17,9.6,8.6,5.5
2023-12-18,8.0,6.7,4.6
2023-12-19,8.6,6.6,6.3
2023-12-20,8.6,6.2,5.0
2023-12-21,11.0,8.3,5.5
2023-12-22,7.0,6.0,4.8
2023-12-23,9.0,6.2,4.2
2023-12-24,11.5,10.6,8.4
2023-12-25,10.4,10.7,8.5
2023-12-26,10.6,7.6,3.4
2023-12-27,8.5,4.0,-1.0
2023-12-28,11.0,10.1,7.4
2023-12-29,10.3,8.5,5.4
2023-12-30,7.9,7.0,4.7
2023-12-31,9.5,8.6,6.6
2024-01-01,7.8,7.2,4.4
2024-01-02,11.0,8.5,4.4
2024-01-03,10.0,8.8,6.5
2024-01-04,6.7,4.4,3.2
2024-01-05,7.0,4.5,3.3
2024-01-06,4.3,0.5,-0.2
2024-01-07,0.8,-1.3,-4.4
2024-01-08,-0.7,-2.3,-3.8
2024-01-09,-1.0,-4.5,-7.0
2024-01-10,0.0,-4.2,-6.0
2024-01-11,1.9,-3.5,-9.0
2024-01-12,5.2,1.4,-2.2
2024-01-13,5.1,3.0,2.1
2024-01-14,4.1,2.7,1.6
2024-01-15,2.0,0.8,0.4
2024-01-16,1.0,-0.5,-2.2
2024-01-17,0.0,-1.7,-3.4
2024-01-18,2.0,-2.1,-5.0
2024-01-19,4.3,0.4,-2.4
2024-01-20,1.9,-0.1,-1.7
2024-01-21,6.1,3.2,-0.5
2024-01-22,10.0,8.8,5.7
2024-01-23,9.5,7.3,4.9
2024-01-24,12.0,10.2,6.5
2024-01-25,8.0,6.1,4.0
2024-01-26,10.0,7.8,3.6
2024-01-27,6.8,3.3,0.9
2024-01-28,8.4,3.2,-0.4
2024-01-29,10.0,5.7,0.0
2024-01-30,12.0,7.4,5.5
2024-01-31,7.0,5.5,4.0
2024-02-01,9.0,5.8,3.0
2024-02-02,9.3,7.0,4.1
2024-02-03,11.1,9.7,6.9
2024-02-04,10.0,8.7,5.9
2024-02-05,10.0,9.8,8.8
2024-02-06,12.0,9.9,8.9
2024-02-07,7.2,3.4,0.0
2024-02-08,4.0,0.3,-1.7
2024-02-09,12.4,7.1,2.0
2024-02-10,12.8,10.1,6.6
2024-02-11,9.9,8.7,5.7
2024-02-12,9.0,7.1,3.3
2024-02-13,9.0,6.0,2.4
2024-02-14,11.4,9.6,6.5
2024-02-15,13.0,11.8,11.0
2024-02-16,14.0,11.4,8.5
2024-02-17,11.2,8.4,6.5
2024-02-18,9.3,8.8,7.9
2024-02-19,10.0,8.1,7.0
2024-02-20,10.0,7.7,4.6
2024-02-21,10.0,8.6,8.0
2024-02-22,12.1,10.0,7.3
2024-02-23,7.3,5.8,4.0
2024-02-24,6.9,4.7,2.4
2024-02-25,7.7,4.8,2.4
2024-02-26,6.8,3.7,2.0
2024-02-27,7.0,2.1,-0.2
2024-02-28,9.3,3.8,-1.4
2024-02-29,11.0,7.9,3.5
2024-03-01,10.9,8.5,6.3
2024-03-02,13.0,9.7,5.6
2024-03-03,15.0,9.3,5.6
2024-03-04,11.4,5.5,1.0
2024-03-05,9.7,6.7,5.7
2024-03-06,9.7,5.4,4.6
2024-03-07,8.7,2.6,-0.2
2024-03-08,9.0,3.8,-0.7
2024-03-09,10.7,5.4,0.7
2024-03-10,12.9,7.1,2.7
2024-03-11,10.8,7.8,5.7
2024-03-12,9.5,7.0,4.9
2024-03-13,12.5,8.4,4.4
2024-03-14,17.0,12.8,9.0
2024-03-15,15.5,13.0,10.0
2024-03-16,10.6,8.3,3.2
2024-03-17,12.2,6.3,1.5
2024-03-18,12.4,8.0,5.9
2024-03-19,15.0,10.2,6.0
2024-03-20,16.3,11.8,7.1
2024-03-21,12.4,9.2,6.9
2024-03-22,11.0,9.2,6.9
2024-03-23,8.3,5.6,3.5
2024-03-24,7.9,5.4,3.5
2024-03-25,11.0,6.2,2.5
2024-03-26,13.9,7.6,3.2
2024-03-27,13.0,9.0,6.3
2024-03-28,11.1,8.1,6.0
2024-03-29,14.7,10.1,7.5
2024-03-30,18.2,11.9,7.8
2024-03-31,16.0,10.0,5.9
2024-04-01,11.4,9.2,7.6
2024-04-02,11.2,9.3,6.7
2024-04-03,12.2,9.8,7.0
2024-04-04,16.0,11.3,7.8
2024-04-05,16.3,12.8,9.6
2024-04-06,24.4,17.3,11.0
2024-04-07,19.6,16.9,13.7
2024-04-08,18.4,14.3,12.0
2024-04-09,15.0,12.6,9.3
2024-04-10,14.0,10.6,7.0
2024-04-11,14.9,12.1,8.7
2024-04-12,19.1,15.2,13.0
2024-04-13,21.0,16.9,11.4
2024-04-14,15.4,11.6,8.5
2024-04-15,13.0,7.0,4.9
2024-04-16,10.0,6.4,3.8
2024-04-17,8.6,4.7,3.0
2024-04-18,12.0,6.6,1.0
2024-04-19,10.0,7.3,5.6
2024-04-20,10.1,5.9,3.4
2024-04-21,10.1,5.3,0.0
2024-04-22,8.0,4.9,2.0
2024-04-23,9.2,4.4,-2.0
2024-04-24,8.7,5.3,1.6
2024-04-25,9.0,5.9,2.6
2024-04-26,11.5,8.1,4.9
2024-04-27,16.9,11.9,3.1
2024-04-28,18.4,14.7,10.4
2024-04-29,19.0,13.3,6.9
2024-04-30,24.0,17.7,12.0
2024-05-01,25.5,19.1,13.5
2024-05-02,24.6,20.0,14.0
2024-05-03,15.8,12.7,10.4
2024-05-04,17.5,11.5,8.0
2024-05-05,14.6,10.8,10.0
2024-05-06,18.5,12.1,4.0
2024-05-07,18.0,13.3,9.0
2024-05-08,18.0,13.8,8.3
2024-05-09,18.5,12.5,6.5
2024-05-10,19.5,14.1,8.0
2024-05-11,20.1,15.4,8.8
2024-05-12,21.8,17.4,9.8
2024-05-13,27.0,19.3,13.0
2024-05-14,27.0,21.1,14.0
2024-05-15,25.4,20.5,15.0
2024-05-16,23.2,17.4,14.8
2024-05-17,23.5,17.8,13.0
2024-05-18,21.9,17.4,14.0
2024-05-19,20.8,16.3,10.6
2024-05-20,21.4,15.5,11.9
2024-05-21,24.0,18.5,13.0
2024-05-22,18.9,16.1,15.0
2024-05-23,20.0,15.0,11.0
2024-05-24,21.9,16.0,8.0
2024-05-25,20.9,16.6,14.5
2024-05-26,23.1,17.1,10.1
2024-05-27,20.0,15.9,12.4
2024-05-28,18.1,14.3,11.0
2024-05-29,18.0,14.3,12.4
2024-05-30,18.4,14.6,8.9
2024-05-31,19.7,14.5,9.8
2024-06-01,22.3,17.6,13.6
2024-06-02,17.6,14.5,13.1
2024-06-03,17.0,13.9,11.6
2024-06-04,19.4,16.4,12.7
2024-06-05,17.0,13.5,9.3
2024-06-06,18.0,12.1,7.0
2024-06-07,18.0,12.5,6.2
2024-06-08,18.4,12.9,9.0
2024-06-09,16.5,12.3,7.9
2024-06-10,13.0,11.1,9.5
2024-06-11,14.0,11.4,8.0
2024-06-12,15.0,11.1,8.4
2024-06-13,17.0,12.6,8.0
2024-06-14,19.3,15.7,11.8
2024-06-15,18.0,14.9,13.2
2024-06-16,17.3,14.4,11.9
2024-06-17,21.0,16.0,11.4
2024-06-18,19.0,15.1,10.3
2024-06-19,18.2,15.0,11.0
2024-06-20,21.0,15.3,7.5
2024-06-21,22.7,15.7,14.0
2024-06-22,20.7,16.7,12.6
2024-06-23,22.2,17.7,11.9
2024-06-24,23.1,18.3,11.9
2024-06-25,28.0,21.1,13.7
2024-06-26,29.0,22.7,16.0
2024-06-27,30.0,24.0,17.0
2024-06-28,22.0,18.7,14.5
2024-06-29,24.9,18.7,11.2
2024-06-30,20.9,17.7,15.9
2024-07-01,17.5,14.7,13.6
2024-07-02,16.0,14.1,12.2
2024-07-03,15.0,13.0,10.3
2024-07-04,19.0,15.2,12.5
2024-07-05,17.4,14.9,11.9
2024-07-06,22.6,17.8,13.6
2024-07-07,18.8,14.6,11.3
2024-07-08,22.0,16.9,10.0
2024-07-09,28.1,22.0,15.0
2024-07-10,26.0,19.9,17.2
2024-07-11,23.0,17.7,13.0
2024-07-12,18.6,13.9,12.0
2024-07-13,18.3,14.5,12.7
2024-07-14,20.5,16.2,11.2
2024-07-15,25.0,18.8,11.8
2024-07-16,21.7,18.5,15.7
2024-07-17,20.6,17.1,15.0
2024-07-18,25.0,18.8,11.0
2024-07-19,27.4,20.9,14.0
2024-07-20,29.1,23.0,17.1
2024-07-21,27.2,21.3,18.2
2024-07-22,23.0,18.8,15.0
2024-07-23,21.0,18.9,16.2
2024-07-24,21.0,17.1,13.4
2024-07-25,23.0,16.9,9.0
2024-07-26,21.8,18.7,16.5
2024-07-27,22.2,17.8,12.9
2024-07-28,21.9,17.9,14.6
2024-07-29,25.0,17.3,9.0
2024-07-30,29.0,21.0,12.0
2024-07-31,26.0,20.5,15.0
2024-08-01,24.5,17.8,13.0
2024-08-02,23.5,18.6,13.2
2024-08-03,24.6,18.1,13.5
2024-08-04,19.5,17.7,15.4
2024-08-05,24.3,18.7,11.5
2024-08-06,27.0,20.4,12.0
2024-08-07,23.0,18.5,14.8
2024-08-08,22.8,18.0,13.9
2024-08-09,23.1,19.7,16.3
2024-08-10,23.5,18.5,14.5
2024-08-11,24.6,20.0,14.7
2024-08-12,28.3,21.2,13.0
2024-08-13,33.0,25.1,18.0
2024-08-14,25.6,20.6,19.2
2024-08-15,25.0,20.9,18.2
2024-08-16,21.2,19.1,18.0
2024-08-17,22.2,17.8,16.4
2024-08-18,22.3,17.4,14.5
2024-08-19,21.0,16.3,10.0
2024-08-20,24.9,18.3,13.0
2024-08-21,19.0,15.9,13.0
2024-08-22,22.5,17.9,13.0
2024-08-23,22.3,19.3,16.1
2024-08-24,28.0,20.1,15.7
2024-08-25,19.3,16.6,13.9
2024-08-26,20.2,16.3,12.7
2024-09-04,20.1,17.9,18.0
2024-09-05,28.6,22.4,15.4
2024-09-06,26.3,20.9,18.0
2024-09-07,25.2,19.4,16.0
2024-09-08,23.2,19.1,17.0
2024-09-09,22.0,15.9,11.0
2024-09-10,17.4,13.8,11.9
2024-09-11,15.0,10.7,8.3
2024-09-12,13.0,8.7,6.0
2024-09-13,16.0,10.6,5.0
2024-09-14,15.8,11.0,7.8
2024-09-15,18.6,11.6,8.0
2024-09-16,20.0,15.5,11.0
2024-09-17,20.0,15.8,13.0
2024-09-18,22.0,15.7,12.0
2024-09-19,20.8,15.2,13.6
2024-09-20,21.9,17.1,14.4
2024-09-21,22.1,15.1,12.2
2024-09-22,23.1,15.1,10.6
2024-09-23,20.2,14.7,9.0
2024-09-24,18.2,14.2,9.0
2024-09-25,16.0,14.2,12.3
2024-09-26,18.2,15.3,13.1
2024-09-27,14.8,12.7,11.6
2024-09-28,12.8,9.6,8.3
2024-09-29,14.4,9.2,5.7
2024-09-30,16.1,11.5,8.0
2024-10-01,13.2,12.8,12.0
2024-10-02,13.2,10.0,8.9
2024-10-03,14.1,8.7,6.6
2024-10-04,14.6,7.8,2.0
2024-10-05,14.3,7.1,2.8
2024-10-06,14.9,9.2,5.6
2024-10-07,18.1,13.2,9.4
2024-10-08,18.0,15.2,13.4
2024-10-09,17.0,13.9,11.7
2024-10-10,13.7,10.9,7.3
2024-10-11,12.3,7.4,4.0
2024-10-12,12.8,7.4,4.4
2024-10-13,13.2,9.4,7.9
2024-10-14,11.3,7.4,4.9
2024-10-15,13.0,6.0,0.0
2024-10-16,18.4,12.0,7.0
2024-10-17,19.0,14.8,12.0
2024-10-18,20.1,16.0,13.8
2024-10-19,15.3,13.8,12.7
2024-10-20,17.4,14.0,11.0
2024-10-21,17.1,14.3,12.4
2024-10-22,15.0,11.2,9.0
2024-10-23,15.1,8.8,6.0
2024-10-24,15.5,9.2,4.0
2024-10-25,17.4,11.9,9.0
2024-10-26,18.3,11.4,9.7
2024-10-27,15.4,11.8,8.9
2024-10-28,13.2,10.9,8.0
2024-10-29,15.0,13.3,12.7
2024-10-30,14.0,12.6,8.2
2024-10-31,14.1,11.3,7.6
2024-11-01,12.6,10.8,8.4
2024-11-02,12.3,8.6,5.1
2024-11-03,10.0,3.1,0.7
2024-11-04,10.1,5.7,1.2
2024-11-05,11.3,5.0,2.8
2024-11-06,6.7,4.1,2.0
2024-11-07,6.7,4.2,4.0
2024-11-08,6.9,4.3,4.2
2024-11-09,9.3,6.3,5.5
2024-11-10,10.7,7.7,7.1
2024-11-11,11.0,8.9,7.7
2024-11-12,9.9,7.5,5.5
2024-11-13,11.0,7.6,3.7
2024-11-14,10.8,9.4,9.0
2024-11-15,10.4,8.5,7.4
2024-11-16,9.5,7.6,7.5
2024-11-17,8.6,6.2,3.3
2024-11-18,8.0,4.1,2.3
2024-11-19,3.2,1.8,0.3
2024-11-20,3.5,1.4,-0.4
2024-11-21,3.7,1.3,-1.3
2024-11-22,3.2,1.2,-1.8
2024-11-23,5.7,3.0,-0.2
2024-11-24,16.6,13.2,7.0
2024-11-25,17.0,13.4,8.9
2024-11-26,9.0,7.1,4.8
2024-11-27,10.3,5.7,1.0
2024-11-28,8.0,6.0,3.4
2024-11-29,8.0,4.0,0.5
2024-11-30,6.1,1.4,-0.5
2024-12-01,7.2,3.7,-0.3
2024-12-02,10.2,8.4,6.3
2024-12-03,7.0,6.0,3.2
2024-12-04,6.0,2.7,1.2
2024-12-05,6.9,4.2,1.4
2024-12-06,9.6,7.9,5.3
2024-12-07,10.2,6.8,3.7
2024-12-08,7.3,5.7,2.9
2024-12-09,5.8,5.3,4.4
2024-12-14,4.9,2.4,-0.4
2024-12-15,10.5,6.4,2.7
2024-12-16,11.0,10.1,8.7
2024-12-17,9.0,8.0,6.5
2024-12-18,12.7,9.5,6.2
2024-12-19,12.0,8.3,3.9
2024-12-20,6.0,4.7,3.0
2024-12-21,7.9,7.2,5.9
2024-12-22,7.7,4.3,1.5
2024-12-23,7.0,4.1,1.3
2024-12-24,5.4,3.6,1.7
2024-12-25,8.9,7.3,5.9
2024-12-26,8.7,6.3,5.6
2024-12-27,6.1,2.3,1.8
2024-12-28,2.0,-0.5,-1.0
2024-12-29,4.3,1.8,-0.6
2024-12-30,7.2,5.3,4.4
2024-12-31,5.9,3.8,2.4
2025-01-01,7.9,6.8,4.2
2025-01-02,5.2,2.9,1.0
2025-01-03,3.0,0.7,-0.9
2025-01-04,2.7,0.2,-1.5
2025-01-05,10.4,2.6,-0.7
2025-01-06,12.0,9.4,5.0
2025-01-07,4.4,3.8,1.1
2025-01-08,4.0,2.0,0.5
2025-01-09,3.0,0.5,-2.0
2025-01-10,5.0,1.7,-1.3
2025-01-11,3.0,-0.1,-3.1
2025-01-12,3.9,-0.1,-3.0
2025-01-13,2.0,-1.8,-3.8
2025-01-14,4.3,0.9,-3.0
2025-01-15,6.0,5.3,3.6
2025-01-16,5.2,3.2,-0.4
2025-01-17,2.7,0.1,-2.3
2025-01-18,2.3,-1.6,-2.5
2025-01-19,4.0,-2.3,-4.8
2025-01-20,-0.3,-1.9,-5.0
2025-01-21,0.9,-1.1,-3.1
2025-01-22,4.0,0.8,-2.0
2025-01-23,6.2,4.5,0.8
2025-01-24,8.3,7.0,4.2
2025-01-25,8.7,5.7,1.6
2025-01-26,5.1,3.0,1.3
2025-01-27,12.0,8.6,4.2
2025-01-28,10.0,7.8,5.6
2025-01-29,8.0,7.0,5.0
2025-01-30,6.0,4.5,1.4
2025-01-31,6.6,1.5,-0.8
2025-02-01,6.2,-0.5,-2.9
2025-02-02,3.6,-2.4,-3.2
2025-02-03,5.0,-1.5,-6.0
2025-02-04,4.0,0.6,-1.9
2025-02-05,8.1,3.6,0.5
2025-02-06,7.0,3.2,0.4
2025-02-07,5.0,2.3,0.1
2025-02-08,6.1,2.7,0.4
2025-02-09,5.9,2.5,0.0
2025-02-10,4.7,1.8,0.1
2025-02-11,2.5,0.6,0.0
2025-02-12,3.3,0.3,0.0
2025-02-13,1.0,-1.8,-5.5
2025-02-14,2.3,0.1,-2.0
2025-02-15,3.3,0.0,-1.7
2025-02-16,2.9,-1.4,-3.4
2025-02-17,2.0,-2.6,-6.0
2025-02-18,1.1,-2.6,-5.5
2025-02-19,4.0,-0.4,-4.0
2025-02-20,9.0,4.0,-2.0
2025-02-21,16.9,12.4,6.7
2025-02-22,13.3,11.0,8.6
2025-02-23,12.8,9.7,5.9
2025-02-24,13.0,11.0,8.6
2025-02-25,12.0,8.9,5.9
2025-02-26,10.4,6.6,5.0
2025-02-27,7.1,4.7,1.4
2025-02-28,6.2,4.0,0.6
2025-03-01,8.7,2.8,0.0
2025-03-02,8.0,1.4,-2.1
2025-03-03,10.0,1.9,-4.0
2025-03-04,11.0,3.0,-4.0
2025-03-05,16.0,6.5,1.0
2025-03-06,16.0,6.4,-2.0
2025-03-07,18.0,8.4,0.0
2025-03-08,17.9,9.2,3.0
2025-03-09,15.8,9.0,3.7
2025-03-10,16.0,6.4,-1.0
2025-03-11,8.0,4.6,1.1
2025-03-12,8.3,3.8,0.0
2025-03-13,8.1,0.9,-2.0
2025-03-22,16.3,13.3,7.5
2025-03-23,17.0,11.3,6.2
2025-03-24,16.0,10.8,5.2
2025-03-25,13.0,8.1,5.0
2025-03-26,11.1,7.1,4.1
2025-03-27,15.0,6.3,-2.0
2025-03-28,17.0,8.0,-1.0
2025-03-29,13.0,8.8,4.6
2025-03-30,12.1,8.6,5.4
2025-03-31,12.0,7.8,4.7
2025-04-01,14.0,6.9,1.8
2025-04-02,16.0,10.5,3.0
2025-04-03,20.0,12.0,5.0
2025-04-04,20.0,11.9,1.0
2025-04-05,13.5,8.4,4.1
2025-04-06,10.4,5.7,1.1
2025-04-07,14.0,5.9,-3.0
2025-04-08,15.0,7.2,-2.0
2025-04-09,12.0,6.8,2.3
2025-04-10,14.4,9.4,6.2
2025-04-11,18.4,11.2,4.1
2025-04-12,21.3,13.3,5.8
2025-04-13,18.5,14.1,11.7
2025-04-14,17.1,11.8,8.0
2025-04-15,23.2,15.0,9.1
2025-04-16,16.4,11.7,11.2
2025-04-23,16.6,11.4,5.0
2025-04-24,12.7,10.5,9.0
2025-04-25,15.8,9.1,5.7
2025-04-26,18.0,11.6,5.2
2025-04-27,18.1,12.6,6.8
2025-04-28,20.0,12.5,2.0
2025-04-29,21.0,13.9,5.0
2025-04-30,23.0,15.4,6.0
2025-05-01,26.2,18.2,10.9
2025-05-02,23.0,16.0,10.0
2025-05-03,18.2,10.7,7.2
2025-05-04,12.6,9.3,7.4
2025-05-05,13.7,8.7,4.5
2025-05-06,14.1,8.8,4.5
2025-05-07,17.0,11.0,6.1
2025-05-08,18.0,11.7,6.0
2025-05-09,19.0,12.4,3.0
2025-05-10,19.3,12.7,6.0
2025-05-11,23.6,16.8,9.7
2025-05-12,20.3,16.2,11.0
2025-05-13,22.0,15.0,8.0
2025-05-14,20.0,13.5,6.0
2025-05-15,18.0,13.3,9.0
2025-05-16,18.0,11.5,6.0
2025-05-17,18.3,12.9,7.1
2025-05-18,17.7,13.1,7.4
2025-05-19,22.0,14.2,6.0
2025-05-20,24.0,15.5,6.0
2025-05-21,18.0,12.9,8.0
2025-05-22,14.0,10.5,8.4
2025-05-23,14.5,9.4,6.0
2025-05-24,15.4,11.1,6.1
2025-05-25,19.1,14.8,12.0
2025-05-26,18.0,14.2,10.9
2025-05-27,17.1,13.8,12.0
2025-05-28,17.2,14.4,10.2
2025-05-29,17.5,12.9,8.7
2025-05-30,21.9,18.5,14.0
2025-05-31,24.3,18.4,11.5
2025-06-01,21.3,17.1,14.1
2025-06-02,19.0,14.0,10.9
2025-06-03,22.0,15.4,6.0
2025-06-04,19.0,15.5,13.2
2025-06-05,17.0,13.7,10.0
2025-06-06,19.2,14.7,13.2
2025-06-07,15.5,12.9,11.9
2025-06-08,14.7,11.8,10.2
2025-06-09,17.4,13.1,8.3
2025-06-10,16.3,14.0,11.9
2025-06-11,17.9,14.7,9.6
2025-06-12,22.5,18.2,9.1
2025-06-13,28.4,22.7,15.0
2025-06-14,31.0,24.4,17.9
2025-06-15,21.7,18.5,15.0
2025-06-16,21.5,17.2,12.3
2025-06-17,26.0,18.2,11.0
2025-06-18,26.0,19.5,13.2
2025-06-19,22.0,16.3,11.9
2025-06-20,22.4,16.0,6.0
2025-06-21,28.3,20.6,12.9
2025-06-22,31.0,21.9,17.9
2025-06-23,19.9,17.6,15.5
2025-06-24,20.4,17.0,14.0
2025-06-25,24.4,20.6,16.8
2025-06-26,22.7,18.8,16.0
2025-06-27,19.9,16.5,14.0
2025-06-28,23.7,20.9,15.9
2025-06-29,24.4,20.9,16.0
2025-06-30,25.0,18.9,10.0
2025-07-01,33.0,24.6,13.0
2025-07-02,35.0,25.2,19.4
2025-07-03,22.0,17.2,14.0
2025-07-04,23.0,17.2,9.0
2025-07-05,21.8,18.5,16.1
2025-07-06,21.9,17.3,14.7
2025-07-07,17.6,15.1,12.9
2025-07-08,18.0,15.3,11.0
2025-07-09,21.0,16.9,12.0
2025-07-10,22.0,16.6,11.2
2025-07-11,21.4,17.8,14.4
2025-07-12,22.8,19.2,13.7
2025-07-13,22.4,18.2,15.2
2025-07-14,26.0,18.7,12.0
2025-07-15,23.0,18.1,15.0
2025-07-16,19.0,15.6,14.0
2025-07-17,21.4,17.1,13.2
2025-07-18,22.4,18.2,16.7
2025-07-19,26.8,21.7,15.8
2025-07-20,26.2,21.5,18.1
2025-07-21,24.0,19.0,16.9
2025-07-22,20.7,17.2,14.9
2025-07-23,23.0,19.0,15.3
2025-07-24,23.0,18.8,14.0
2025-07-25,21.8,18.5,15.7
2025-07-26,22.5,18.5,12.7
2025-07-27,19.9,17.2,14.9
2025-07-28,20.0,16.1,13.0
2025-07-29,19.2,15.6,13.2
2025-07-30,19.2,15.1,11.0
2025-07-31,20.2,17.1,15.0
2025-08-01,18.8,16.0,13.2
2025-08-02,19.0,16.0,13.1
2025-08-03,21.2,17.0,13.3
2025-08-04,22.1,19.3,15.6
2025-08-05,20.0,15.6,13.5
2025-08-06,19.6,15.4,11.0
2025-08-07,24.0,17.8,12.0
2025-08-08,23.0,19.0,15.0
2025-08-09,24.1,18.2,14.7
2025-08-10,23.4,17.4,12.9
2025-08-11,24.4,18.2,10.0
2025-08-12,28.5,21.6,15.0
2025-08-13,32.0,23.6,13.0
2025-08-14,29.8,23.9,19.0
2025-08-15,26.8,21.9,17.0
2025-08-16,20.4,17.8,15.4
2025-08-17,20.5,15.1,14.4
2025-08-18,24.0,17.5,10.0
2025-08-19,26.0,17.9,11.0
2025-08-20,23.0,18.1,12.5
2025-08-21,21.0,15.6,12.0
2025-08-22,17.3,14.8,10.9
2025-08-23,18.1,14.4,11.0
2025-08-24,18.5,13.6,9.5
2025-08-25,22.0,15.2,8.0
2025-08-26,25.0,18.2,9.0
2025-08-27,23.3,20.1,15.0
2025-08-28,24.5,18.0,13.0
2025-08-29,23.2,17.2,10.0
2025-08-30,20.6,17.0,13.7
2025-08-31,22.6,18.6,15.3
2025-09-01,21.4,17.1,15.0
2025-09-02,21.0,16.9,14.0
2025-09-03,22.5,18.7,14.0
2025-09-04,22.0,18.9,16.0
2025-09-05,20.0,16.1,13.0
2025-09-06,20.9,14.7,9.7
2025-09-07,24.0,18.8,13.3
2025-09-08,18.0,15.9,14.0
2025-09-09,16.0,14.0,12.4
2025-09-10,18.6,12.8,8.0
2025-09-11,19.0,14.8,13.4
2025-09-12,17.9,13.0,11.0
2025-09-13,18.4,12.9,11.5
2025-09-14,17.6,14.1,10.1
2025-09-15,20.0,16.4,13.0
2025-09-16,16.0,13.8,12.2
2025-09-17,17.0,13.7,11.0
2025-09-18,19.9,17.7,15.6
2025-09-19,23.5,18.7,14.6
2025-09-20,24.7,19.2,16.1
2025-09-21,20.2,15.1,10.6
2025-09-22,16.0,10.2,7.0
2025-09-23,17.0,10.2,4.0
2025-09-24,16.0,10.1,5.0
2025-09-25,16.0,11.9,8.0
2025-09-26,16.4,12.2,9.0
2025-09-27,17.3,11.4,8.7
2025-09-28,19.1,14.1,9.2
2025-09-29,19.0,12.6,9.7
2025-09-30,17.0,11.4,8.0
2025-10-01,15.0,9.8,6.0
2025-10-02,16.0,9.2,4.0
2025-10-03,13.9,10.5,7.9
2025-10-04,15.3,11.1,9.1
2025-10-05,13.6,11.0,9.3
2025-10-06,14.7,12.3,10.0
2025-10-07,18.8,14.8,13.1
2025-10-08,16.4,13.7,11.8
2025-10-09,15.6,12.4,9.4
2025-10-12,15.7,13.2,11.1
2025-10-13,15.5,12.4,9.6
2025-10-14,16.0,12.4,9.9
2025-10-15,14.3,11.9,10.0
2025-10-16,15.0,11.8,9.7
2025-10-17,15.0,11.1,9.2
2025-10-18,10.8,6.9,2.9
2025-10-19,13.8,7.9,5.2
2025-10-20,16.6,12.7,8.8
2025-10-21,14.8,13.0,11.9
2025-10-22,15.0,11.9,9.8
2025-10-23,16.0,11.8,9.3
2025-10-24,11.9,9.6,8.6
2025-10-25,12.1,9.0,7.5
2025-10-26,11.9,7.8,5.6
2025-10-27,12.0,8.3,6.5
2025-10-28,12.0,9.6,6.1
2025-10-29,13.0,10.8,8.6
2025-10-30,12.0,9.5,6.6
2025-10-31,12.9,8.6,6.0
2025-11-01,13.9,11.4,9.7
2025-11-02,12.9,10.1,8.6
2025-11-03,12.2,9.4,5.8
2025-11-04,16.0,13.2,11.1
2025-11-05,17.0,12.5,9.7
2025-11-06,16.0,7.6,3.0
2025-11-07,14.3,8.7,5.7
2025-11-08,12.2,10.2,7.6
2025-11-09,13.3,9.5,6.1
2025-11-10,10.1,6.7,4.7
2025-11-11,12.0,9.7,7.7
2025-11-12,15.0,11.5,8.7
2025-11-13,15.0,12.5,10.0
2025-11-14,11.0,9.5,7.2
2025-11-15,7.1,6.2,6.1
2025-11-16,6.9,4.3,0.8
2025-11-17,6.8,3.2,2.5
2025-11-18,6.0,3.4,2.0
2025-11-19,5.0,3.7,1.6
2025-11-20,5.0,0.7,-2.0
2025-11-21,4.0,-0.7,-4.0
2025-11-22,2.7,0.6,-1.4
2025-11-23,3.2,0.7,-1.4
2025-11-24,6.0,4.9,0.9
2025-11-25,7.0,3.3,-0.3
2025-11-26,5.0,2.6,-0.4
2025-11-27,7.0,3.8,1.0
2025-11-28,9.5,7.7,7.2
2025-11-29,9.9,8.6,7.7
2025-11-30,10.0,6.8,4.8
2025-12-01,7.0,5.1,2.0
2025-12-02,7.6,6.2,5.0
2025-12-03,8.0,6.5,4.0
2025-12-04,7.0,4.9,2.1
2025-12-05,6.5,3.6,1.6
2025-12-06,9.0,6.1,4.0
2025-12-07,11.6,9.5,7.0
2025-12-08,13.0,11.7,9.0
2025-12-09,12.5,12.0,10.1
2025-12-10,13.0,11.9,8.9
2025-12-11,10.0,7.4,4.6
2025-12-12,9.1,5.4,2.0
2025-12-13,9.5,7.7,4.1
2025-12-14,8.0,6.7,4.0
2025-12-15,9.0,6.0,3.0
2025-12-16,12.0,7.2,6.0
2025-12-17,8.3,7.2,5.0
2025-12-18,12.0,9.3,5.9
2025-12-19,11.5,9.1,5.3
2025-12-20,6.2,3.9,1.6
2025-12-21,9.0,7.2,4.3
2025-12-22,6.1,5.8,3.3
2025-12-23,4.4,2.8,1.0
2025-12-24,2.3,0.1,-3.1
2025-12-25,-2.1,-4.5,-5.6
2025-12-26,0.3,-4.1,-5.7
2025-12-27,4.5,-0.3,-3.7
2025-12-28,2.5,-1.2,-2.1
2025-12-29,5.0,1.9,0.0
2025-12-30,5.0,0.4,-2.8
2025-12-31,5.6,2.3,-0.6
2026-01-01,4.2,2.7,1.5
2026-01-02,2.9,1.5,-0.1
2026-01-03,0.9,-0.2,-1.2
2026-01-04,1.2,-1.0,-2.7
2026-01-05,-1.0,-2.5,-3.8
2026-01-06,-1.3,-1.2,-7.9
2026-01-07,0.0,-1.2,-3.4
2026-01-08,2.0,1.0,-0.7
2026-01-09,0.8,-1.1,-3.5
2026-01-10,-3.5,-4.0,-6.6
2026-01-11,-2.5,-6.2,-11.7
2026-01-12,3.5,1.6,-1.9
2026-01-13,6.0,6.7,2.2
2026-01-14,7.0,4.5,0.2
2026-01-15,10.0,7.5,2.6
2026-01-16,11.0,9.4,6.4
2026-01-17,9.8,5.8,0.9
2026-01-18,4.0,0.4,-1.3
2026-01-19,4.0,-0.7,-3.0
2026-01-20,4.0,-0.7,-3.0
2026-01-21,4.0,0.5,-1.1
2026-01-22,0.0,-1.7,-3.0
2026-01-23,2.8,-1.5,-2.8
2026-01-24,-0.4,-2.2,-3.2
2026-01-25,1.3,-1.6,-3.4
2026-01-26,1.0,-0.6,-1.3
2026-01-27,0.9,-0.4,-1.2
2026-01-28,0.3,-0.7,-1.0
2026-01-29,0.0,-0.8,-1.3
2026-01-30,0.4,-1.4,-2.5
2026-01-31,1.5,0.3,-2.1
2026-02-01,2.4,-0.4,-1.0
2026-02-02,-1.0,-3.6,-6.1
2026-02-03,-2.7,-4.8,-6.0
2026-02-04,2.1,-2.7,-2.8
2026-02-05,-1.0,-3.0,-4.0
2026-02-06,2.1,-0.2,-3.0
2026-02-07,6.8,2.4,0.2
2026-02-08,4.3,1.3,0.5
2026-02-09,5.0,1.3,0.0
2026-02-10,7.7,1.9,-1.3
2026-02-11,7.1,5.1,1.1
2026-02-16,5.3,1.3,0.0
2026-02-17,6.0,3.1,-0.1
2026-02-18,0.7,-0.8,-1.6
2026-02-19,2.4,-0.5,-2.0
2026-02-20,5.4,1.8,-3.0
2026-02-21,11.2,8.3,5.1
2026-02-22,10.7,10.1,7.8
2026-02-23,10.2,8.5,6.4
2026-02-24,9.7,8.1,3.7
2026-03-01,12.7,8.4,3.7
2026-03-02,16.0,10.0,5.0
2026-03-03,16.0,7.9,1.0
2026-03-04,13.0,6.2,0.0
2026-03-05,17.0,9.0,2.0
2026-03-06,17.6,8.0,0.0
2026-03-07,16.4,8.3,3.9
2026-03-08,17.2,9.8,5.0
2026-03-09,17.0,9.0,0.0
2026-03-10,15.5,9.5,5.3
2026-03-11,9.9,8.2,5.4
